name,type,address,atoll,contact,email,google_maps_url,page
"A,Dh. Dhangethi Health center",Health Centre Grade 3,"A,Dh. Dhangethi Health center",,3328887,[email protected],https://www.google.com/maps/search/?api=1&query=A%2CDh.%20Dhangethi%20Health%20center%2C%20%2C%20Maldives,1
A.A Feridhoo Health Centre,Health Centre Grade 2,"A.A Feridhoo Health Centre, Alif Alif Atoll",Alif Alif Atoll,3328887,[email protected],https://www.google.com/maps/search/?api=1&query=A.A%20Feridhoo%20Health%20Centre%2C%20Alif%20Alif%20Atoll%2C%20Maldives,1
A.A. Maalhos Health Centre,Health Centre Grade 1,"A.A. Maalhos Health Centre, A.A.",A.A.,3328887,[email protected],https://www.google.com/maps/search/?api=1&query=A.A.%20Maalhos%20Health%20Centre%2C%20A.A.%2C%20Maldives,1
A.Dh Dhidhoo Health Centre,Health Centre Grade 1,"A.Dh Dhidhoo Health Centre, A.Dh",A.Dh,3328887,[email protected],https://www.google.com/maps/search/?api=1&query=A.Dh%20Dhidhoo%20Health%20Centre%2C%20A.Dh%2C%20Maldives,1
A.Dh Dhigurah Health Centre,Health Centre Grade 2,"A.Dh Dhigurah Health Centre, A.Dh",A.Dh,3328887,[email protected],https://www.google.com/maps/search/?api=1&query=A.Dh%20Dhigurah%20Health%20Centre%2C%20A.Dh%2C%20Maldives,1
A.Dh Maamigilee Health Centre,Health Centre Grade 4,"A.Dh Maamigilee Health Centre, A.Dh",A.Dh,3328887,[email protected],https://www.google.com/maps/search/?api=1&query=A.Dh%20Maamigilee%20Health%20Centre%2C%20A.Dh%2C%20Maldives,1
A.Dh Mandhoo Health Centre,Health Centre Grade 1,"A.Dh Mandhoo Health Centre, A.Dh",A.Dh,3328887,[email protected],https://www.google.com/maps/search/?api=1&query=A.Dh%20Mandhoo%20Health%20Centre%2C%20A.Dh%2C%20Maldives,1
AA. Atoll Hospital,Hospital Grade 1,"AA. Atoll Hospital, AA.",AA.,3328887,[email protected],https://www.google.com/maps/search/?api=1&query=AA.%20Atoll%20Hospital%2C%20AA.%2C%20Maldives,1
AA. Bodufolhudhoo Health Centre,Health Centre Grade 1,"AA. Bodufolhudhoo Health Centre, AA.",AA.,3328887,[email protected],https://www.google.com/maps/search/?api=1&query=AA.%20Bodufolhudhoo%20Health%20Centre%2C%20AA.%2C%20Maldives,1
AA. Himandhoo Health center,Health Centre Grade 1,"AA. Himandhoo Health center, AA.",AA.,3328887,[email protected],https://www.google.com/maps/search/?api=1&query=AA.%20Himandhoo%20Health%20center%2C%20AA.%2C%20Maldives,1
AA. Mathiveree Health Centre,Health Centre Grade 3,"AA. Mathiveree Health Centre, AA.",AA.,3328887,[email protected],https://www.google.com/maps/search/?api=1&query=AA.%20Mathiveree%20Health%20Centre%2C%20AA.%2C%20Maldives,1
AA. Thoddoo Health Centre,Health Centre Grade 3,"AA. Thoddoo Health Centre, AA.",AA.,3328887,[email protected],https://www.google.com/maps/search/?api=1&query=AA.%20Thoddoo%20Health%20Centre%2C%20AA.%2C%20Maldives,1
AA. Ukulhas Health Centre,Health Centre Grade 3,"AA. Ukulhas Health Centre, AA.",AA.,3328887,[email protected],https://www.google.com/maps/search/?api=1&query=AA.%20Ukulhas%20Health%20Centre%2C%20AA.%2C%20Maldives,1
Aahiyans Medical Clinic,General Clinic,"Aahiyans Medical Clinic, Aahiyans",Aahiyans,7933326 / 7783818,[email protected],https://www.google.com/maps/search/?api=1&query=Aahiyans%20Medical%20Clinic%2C%20Aahiyans%2C%20Maldives,1
Aanugandu Island Resort Clinic,General Clinic,"Aanugandu Island Resort Clinic, Aanugandu",Aanugandu,3300668,[email protected],https://www.google.com/maps/search/?api=1&query=Aanugandu%20Island%20Resort%20Clinic%2C%20Aanugandu%2C%20Maldives,1
Aarah Clinic,General Clinic,"Aarah Clinic, Aarah",Aarah,3315236,[email protected],https://www.google.com/maps/search/?api=1&query=Aarah%20Clinic%2C%20Aarah%2C%20Maldives,2
Abuharee Medical Centre,General Clinic,"Abuharee Medical Centre, Abuharee",Abuharee,9635808,[email protected],https://www.google.com/maps/search/?api=1&query=Abuharee%20Medical%20Centre%2C%20Abuharee%2C%20Maldives,2
Addu Equatorial Hospital,Tertiary Hospital,"Addu Equatorial Hospital, Addu",Addu,3328887,[email protected],https://www.google.com/maps/search/?api=1&query=Addu%20Equatorial%20Hospital%2C%20Addu%2C%20Maldives,2
Adh. Atoll Hospital,Hospital Grade 1,"Adh. Atoll Hospital, Adh.",Adh.,3328887,[email protected],https://www.google.com/maps/search/?api=1&query=Adh.%20Atoll%20Hospital%2C%20Adh.%2C%20Maldives,2
Adh. Fenfushi Health Centre,Health Centre Grade 2,"Adh. Fenfushi Health Centre, Adh.",Adh.,3328887,[email protected],https://www.google.com/maps/search/?api=1&query=Adh.%20Fenfushi%20Health%20Centre%2C%20Adh.%2C%20Maldives,2
Adh. Hangnaameedhoo Health Centre,Health Centre Grade 1,"Adh. Hangnaameedhoo Health Centre, Adh.",Adh.,3328887,[email protected],https://www.google.com/maps/search/?api=1&query=Adh.%20Hangnaameedhoo%20Health%20Centre%2C%20Adh.%2C%20Maldives,2
Adh. Kurunburudhoo Health Centre,Health Centre Grade 1,"Adh. Kurunburudhoo Health Centre, Adh.",Adh.,3328887,[email protected],https://www.google.com/maps/search/?api=1&query=Adh.%20Kurunburudhoo%20Health%20Centre%2C%20Adh.%2C%20Maldives,2
Adh. Omadhoo Health Centre,Health Centre Grade 2,"Adh. Omadhoo Health Centre, Adh.",Adh.,3328887,[email protected],https://www.google.com/maps/search/?api=1&query=Adh.%20Omadhoo%20Health%20Centre%2C%20Adh.%2C%20Maldives,2
ADK Hospital,Tertiary Hospital,"ADK Hospital, ADK",ADK,1440 / 3313553,[email protected],https://www.google.com/maps/search/?api=1&query=ADK%20Hospital%2C%20ADK%2C%20Maldives,2
ADK Hospital Reach Clinic,General Clinic,"ADK Hospital Reach Clinic, ADK",ADK,9742622,[email protected],https://www.google.com/maps/search/?api=1&query=ADK%20Hospital%20Reach%20Clinic%2C%20ADK%2C%20Maldives,2
Advance Diagnostic Center,General Clinic,"Advance Diagnostic Center, Advance",Advance,7785320,[email protected],https://www.google.com/maps/search/?api=1&query=Advance%20Diagnostic%20Center%2C%20Advance%2C%20Maldives,2
Advance Eye Clinic,Area Specific Clinic,"Advance Eye Clinic, Advance",Advance,3001819,[email protected],https://www.google.com/maps/search/?api=1&query=Advance%20Eye%20Clinic%2C%20Advance%2C%20Maldives,2
Advance Medical Clinic,General Clinic,"Advance Medical Clinic, Advance",Advance,3007788,,https://www.google.com/maps/search/?api=1&query=Advance%20Medical%20Clinic%2C%20Advance%2C%20Maldives,2
AIMS Diagnostic Care,General Clinic,"AIMS Diagnostic Care, AIMS",AIMS,6898091,[email protected],https://www.google.com/maps/search/?api=1&query=AIMS%20Diagnostic%20Care%2C%20AIMS%2C%20Maldives,2
AL- KHAIRU MEDICAL CENTRE,General Clinic,AL- KHAIRU MEDICAL CENTRE,,7786635,[email protected],https://www.google.com/maps/search/?api=1&query=AL-%20KHAIRU%20MEDICAL%20CENTRE%2C%20%2C%20Maldives,2
Alai Clinic,Therapeutic Service Clinic,"Alai Clinic, Alai",Alai,7800415,[email protected],https://www.google.com/maps/search/?api=1&query=Alai%20Clinic%2C%20Alai%2C%20Maldives,3
Alai Play and Learn Therapy Center,Therapeutic Service Clinic,"Alai Play and Learn Therapy Center, Alai",Alai,7918157,[email protected],https://www.google.com/maps/search/?api=1&query=Alai%20Play%20and%20Learn%20Therapy%20Center%2C%20Alai%2C%20Maldives,3
Ali Rasheed Dhivehi Beys Clinic,Traditional Medicine Clinic,"Ali Rasheed Dhivehi Beys Clinic, Ali",Ali,7820213,,https://www.google.com/maps/search/?api=1&query=Ali%20Rasheed%20Dhivehi%20Beys%20Clinic%2C%20Ali%2C%20Maldives,3
Alimatha Clinic,General Clinic,"Alimatha Clinic, Alimatha",Alimatha,7795352,[email protected],https://www.google.com/maps/search/?api=1&query=Alimatha%20Clinic%2C%20Alimatha%2C%20Maldives,3
Ambience Medical ServicesClosed,General Clinic,"Ambience Medical ServicesClosed, Ambience",Ambience,7633394 / 7926688,[email protected],https://www.google.com/maps/search/?api=1&query=Ambience%20Medical%20ServicesClosed%2C%20Ambience%2C%20Maldives,3
AMG Clinic,General Clinic,"AMG Clinic, AMG",AMG,9790079,[email protected],https://www.google.com/maps/search/?api=1&query=AMG%20Clinic%2C%20AMG%2C%20Maldives,3
Amilla Sihhath,General Clinic,"Amilla Sihhath, Amilla",Amilla,7799660,[email protected],https://www.google.com/maps/search/?api=1&query=Amilla%20Sihhath%2C%20Amilla%2C%20Maldives,3
Amina Dhiyo Health Centre,Health Centre Grade 1,"Amina Dhiyo Health Centre, Amina",Amina,3328887,[email protected],https://www.google.com/maps/search/?api=1&query=Amina%20Dhiyo%20Health%20Centre%2C%20Amina%2C%20Maldives,3
Amingiri Clinic,General Clinic,"Amingiri Clinic, Amingiri",Amingiri,3324369,[email protected],https://www.google.com/maps/search/?api=1&query=Amingiri%20Clinic%2C%20Amingiri%2C%20Maldives,3
Ana's Aesthetic Clinic,General Clinic,Ana's Aesthetic Clinic,,7771829,[email protected],https://www.google.com/maps/search/?api=1&query=Ana%27s%20Aesthetic%20Clinic%2C%20%2C%20Maldives,3
Ananatara Dhigu Clinic,General Clinic,"Ananatara Dhigu Clinic, Ananatara",Ananatara,7301312,[email protected],https://www.google.com/maps/search/?api=1&query=Ananatara%20Dhigu%20Clinic%2C%20Ananatara%2C%20Maldives,3
Anantara Kihavah Villas Clinic,General Clinic,"Anantara Kihavah Villas Clinic, Anantara",Anantara,7964015,[email protected],https://www.google.com/maps/search/?api=1&query=Anantara%20Kihavah%20Villas%20Clinic%2C%20Anantara%2C%20Maldives,3
Angaga Medicals,General Clinic,"Angaga Medicals, Angaga",Angaga,9999991,[email protected],https://www.google.com/maps/search/?api=1&query=Angaga%20Medicals%2C%20Angaga%2C%20Maldives,3
Angsana Velavaru Medical Centre,General Clinic,"Angsana Velavaru Medical Centre, Angsana",Angsana,6760028,[email protected],https://www.google.com/maps/search/?api=1&query=Angsana%20Velavaru%20Medical%20Centre%2C%20Angsana%2C%20Maldives,3
Asisa Medical Center,General Clinic,"Asisa Medical Center, Asisa",Asisa,3013909,[email protected],https://www.google.com/maps/search/?api=1&query=Asisa%20Medical%20Center%2C%20Asisa%2C%20Maldives,3
Athuruga Medical Clinic,General Clinic,"Athuruga Medical Clinic, Athuruga",Athuruga,7776440,[email protected],https://www.google.com/maps/search/?api=1&query=Athuruga%20Medical%20Clinic%2C%20Athuruga%2C%20Maldives,4
Atoll ClinicClosed,General Clinic,"Atoll ClinicClosed, Atoll",Atoll,7784494,[email protected],https://www.google.com/maps/search/?api=1&query=Atoll%20ClinicClosed%2C%20Atoll%2C%20Maldives,4
Atolls Guest Clinic,General Clinic,"Atolls Guest Clinic, Atolls",Atolls,7772991,[email protected],https://www.google.com/maps/search/?api=1&query=Atolls%20Guest%20Clinic%2C%20Atolls%2C%20Maldives,4
Avani Clinic,General Clinic,"Avani Clinic, Avani",Avani,,[email protected],https://www.google.com/maps/search/?api=1&query=Avani%20Clinic%2C%20Avani%2C%20Maldives,4
Ayada Maldives Resort Clinic,General Clinic,"Ayada Maldives Resort Clinic, Ayada",Ayada,6844444,[email protected],https://www.google.com/maps/search/?api=1&query=Ayada%20Maldives%20Resort%20Clinic%2C%20Ayada%2C%20Maldives,4
Ayurvedic Therapy,Traditional Medicine Clinic,"Ayurvedic Therapy, Ayurvedic",Ayurvedic,9753776,[email protected],https://www.google.com/maps/search/?api=1&query=Ayurvedic%20Therapy%2C%20Ayurvedic%2C%20Maldives,4
Azmi Naeem Medical and Diagnostic Centre,General Clinic,"Azmi Naeem Medical and Diagnostic Centre, Azmi",Azmi,3325979,[email protected],https://www.google.com/maps/search/?api=1&query=Azmi%20Naeem%20Medical%20and%20Diagnostic%20Centre%2C%20Azmi%2C%20Maldives,4
B. Dharavandhoo Health Centre,Health Centre Grade 3,"B. Dharavandhoo Health Centre, B.",B.,3328887,[email protected],https://www.google.com/maps/search/?api=1&query=B.%20Dharavandhoo%20Health%20Centre%2C%20B.%2C%20Maldives,4
B. Dhonfanu  Health Centre,Health Centre Grade 1,"B. Dhonfanu  Health Centre, B.",B.,3328887,[email protected],https://www.google.com/maps/search/?api=1&query=B.%20Dhonfanu%20%20Health%20Centre%2C%20B.%2C%20Maldives,4
B. Fehendhoo Health Centre,Health Centre Grade 1,"B. Fehendhoo Health Centre, B.",B.,3328887,[email protected],https://www.google.com/maps/search/?api=1&query=B.%20Fehendhoo%20Health%20Centre%2C%20B.%2C%20Maldives,4
B. Fulhadhoo Health Centre,Health Centre Grade 1,"B. Fulhadhoo Health Centre, B.",B.,,[email protected],https://www.google.com/maps/search/?api=1&query=B.%20Fulhadhoo%20Health%20Centre%2C%20B.%2C%20Maldives,4
B. Goidhoo Health Centre,Health Centre Grade 3,"B. Goidhoo Health Centre, B.",B.,3328887,[email protected],https://www.google.com/maps/search/?api=1&query=B.%20Goidhoo%20Health%20Centre%2C%20B.%2C%20Maldives,4
B. Hithaadhoo Health Centre,Health Centre Grade 2,"B. Hithaadhoo Health Centre, B.",B.,3328887,[email protected],https://www.google.com/maps/search/?api=1&query=B.%20Hithaadhoo%20Health%20Centre%2C%20B.%2C%20Maldives,4
B. Kamadhoo Health Center,Health Centre Grade 1,"B. Kamadhoo Health Center, B.",B.,3328887,[email protected],https://www.google.com/maps/search/?api=1&query=B.%20Kamadhoo%20Health%20Center%2C%20B.%2C%20Maldives,4
B. Kendhoo Health Centre,Health Centre Grade 3,"B. Kendhoo Health Centre, B.",B.,3328887,[email protected],https://www.google.com/maps/search/?api=1&query=B.%20Kendhoo%20Health%20Centre%2C%20B.%2C%20Maldives,4
B. Kihaadhoo Health Centre,Health Centre Grade 1,"B. Kihaadhoo Health Centre, B.",B.,3328887,[email protected],https://www.google.com/maps/search/?api=1&query=B.%20Kihaadhoo%20Health%20Centre%2C%20B.%2C%20Maldives,5
B. Kudarikili Health Centre,Health Centre Grade 1,"B. Kudarikili Health Centre, B.",B.,3328887,[email protected],https://www.google.com/maps/search/?api=1&query=B.%20Kudarikili%20Health%20Centre%2C%20B.%2C%20Maldives,5
B. Maalhos Health Centre,Health Centre Grade 1,"B. Maalhos Health Centre, B.",B.,3328887,[email protected],https://www.google.com/maps/search/?api=1&query=B.%20Maalhos%20Health%20Centre%2C%20B.%2C%20Maldives,5
B. Thulhaadhoo Health Centre,Health Centre Grade 4,"B. Thulhaadhoo Health Centre, B.",B.,3328887,[email protected],https://www.google.com/maps/search/?api=1&query=B.%20Thulhaadhoo%20Health%20Centre%2C%20B.%2C%20Maldives,5
Baa Atoll Hospital,Hospital Grade 2,"Baa Atoll Hospital, Baa Atoll",Baa Atoll,3328887,[email protected],https://www.google.com/maps/search/?api=1&query=Baa%20Atoll%20Hospital%2C%20Baa%20Atoll%2C%20Maldives,5
Bandos Medical Clinic and Hyperbaric Treatment Centre,General Clinic,"Bandos Medical Clinic and Hyperbaric Treatment Centre, Bandos",Bandos,6640088,[email protected],https://www.google.com/maps/search/?api=1&query=Bandos%20Medical%20Clinic%20and%20Hyperbaric%20Treatment%20Centre%2C%20Bandos%2C%20Maldives,5
Baros Clinic,General Clinic,"Baros Clinic, Baros",Baros,3323080,[email protected],https://www.google.com/maps/search/?api=1&query=Baros%20Clinic%2C%20Baros%2C%20Maldives,5
BCare,General Clinic,BCare,,9312222,[email protected],https://www.google.com/maps/search/?api=1&query=BCare%2C%20%2C%20Maldives,5
Bliss Care,Therapeutic Service Clinic,"Bliss Care, Bliss",Bliss,9899164,[email protected],https://www.google.com/maps/search/?api=1&query=Bliss%20Care%2C%20Bliss%2C%20Maldives,5
Blu Clinic,General Clinic,"Blu Clinic, Blu",Blu,7303558,[email protected],https://www.google.com/maps/search/?api=1&query=Blu%20Clinic%2C%20Blu%2C%20Maldives,5
Bluspan Care,Therapeutic Service Clinic,"Bluspan Care, Bluspan",Bluspan,7943112 / 9553112,[email protected],https://www.google.com/maps/search/?api=1&query=Bluspan%20Care%2C%20Bluspan%2C%20Maldives,5
Bluspan Care Annex - 1,Therapeutic Service Clinic,"Bluspan Care Annex - 1, Bluspan",Bluspan,7943112 / 9553112,[email protected],https://www.google.com/maps/search/?api=1&query=Bluspan%20Care%20Annex%20-%201%2C%20Bluspan%2C%20Maldives,5
Bluspan Care Dhidhdhoo,Therapeutic Service Clinic,"Bluspan Care Dhidhdhoo, Bluspan",Bluspan,9553112,[email protected],https://www.google.com/maps/search/?api=1&query=Bluspan%20Care%20Dhidhdhoo%2C%20Bluspan%2C%20Maldives,5
Blyss Multi-Specialty Therapy Centre,General Clinic,"Blyss Multi-Specialty Therapy Centre, Blyss",Blyss,7930105,[email protected],https://www.google.com/maps/search/?api=1&query=Blyss%20Multi-Specialty%20Therapy%20Centre%2C%20Blyss%2C%20Maldives,5
Bolifushi Clinic,General Clinic,"Bolifushi Clinic, Bolifushi",Bolifushi,6642020,[email protected],https://www.google.com/maps/search/?api=1&query=Bolifushi%20Clinic%2C%20Bolifushi%2C%20Maldives,5
Bulbul Multi Rehab Clinic,Therapeutic Service Clinic,"Bulbul Multi Rehab Clinic, Bulbul",Bulbul,9887153,[email protected],https://www.google.com/maps/search/?api=1&query=Bulbul%20Multi%20Rehab%20Clinic%2C%20Bulbul%2C%20Maldives,6
Bulbul Multi Rehab Clinic,Therapeutic Service Clinic,"Bulbul Multi Rehab Clinic, Bulbul",Bulbul,9887153,[email protected],https://www.google.com/maps/search/?api=1&query=Bulbul%20Multi%20Rehab%20Clinic%2C%20Bulbul%2C%20Maldives,6
Bulbul Therapy Clinic,Therapeutic Service Clinic,"Bulbul Therapy Clinic, Bulbul",Bulbul,7993030,[email protected],https://www.google.com/maps/search/?api=1&query=Bulbul%20Therapy%20Clinic%2C%20Bulbul%2C%20Maldives,6
Care Max Clinic 1,General Clinic,"Care Max Clinic 1, Care",Care,7772526,[email protected],https://www.google.com/maps/search/?api=1&query=Care%20Max%20Clinic%201%2C%20Care%2C%20Maldives,6
Care Medicals Services,General Clinic,"Care Medicals Services, Care",Care,9940909,[email protected],https://www.google.com/maps/search/?api=1&query=Care%20Medicals%20Services%2C%20Care%2C%20Maldives,6
Care Trust Multi Speciality Clinic,General Hospital,"Care Trust Multi Speciality Clinic, Care",Care,7785581,[email protected],https://www.google.com/maps/search/?api=1&query=Care%20Trust%20Multi%20Speciality%20Clinic%2C%20Care%2C%20Maldives,6
CAREMORE MEDICALS,General Clinic,"CAREMORE MEDICALS, CAREMORE",CAREMORE,7747722,[email protected],https://www.google.com/maps/search/?api=1&query=CAREMORE%20MEDICALS%2C%20CAREMORE%2C%20Maldives,6
CareOne Dental & Clinic,General Clinic,"CareOne Dental & Clinic, CareOne",CareOne,9932542,[email protected],https://www.google.com/maps/search/?api=1&query=CareOne%20Dental%20%26%20Clinic%2C%20CareOne%2C%20Maldives,6
Centara Clinic,General Clinic,"Centara Clinic, Centara",Centara,9912447,[email protected],https://www.google.com/maps/search/?api=1&query=Centara%20Clinic%2C%20Centara%2C%20Maldives,6
Center for Traditional Medicine,General Clinic,"Center for Traditional Medicine, Center",Center,3320105,[email protected],https://www.google.com/maps/search/?api=1&query=Center%20for%20Traditional%20Medicine%2C%20Center%2C%20Maldives,6
Central Clinic,General Clinic,"Central Clinic, Central",Central,7511844,[email protected],https://www.google.com/maps/search/?api=1&query=Central%20Clinic%2C%20Central%2C%20Maldives,6
Central Medical Center,General Clinic,"Central Medical Center, Central",Central,7511844,[email protected],https://www.google.com/maps/search/?api=1&query=Central%20Medical%20Center%2C%20Central%2C%20Maldives,6
CHARM DENTAL & SKIN CLINIC,Area Specific Clinic,"CHARM DENTAL & SKIN CLINIC, CHARM",CHARM,7771849,[email protected],https://www.google.com/maps/search/?api=1&query=CHARM%20DENTAL%20%26%20SKIN%20CLINIC%2C%20CHARM%2C%20Maldives,6
Cheval Blance Randeli Clinic,General Clinic,"Cheval Blance Randeli Clinic, Cheval",Cheval,7303340,[email protected],https://www.google.com/maps/search/?api=1&query=Cheval%20Blance%20Randeli%20Clinic%2C%20Cheval%2C%20Maldives,6
Child Development Clinic,General Clinic,"Child Development Clinic, Child",Child,7788252,[email protected],https://www.google.com/maps/search/?api=1&query=Child%20Development%20Clinic%2C%20Child%2C%20Maldives,6
Chinese Health Care,Complementary Medicine Clinic,"Chinese Health Care, Chinese",Chinese,7788686,[email protected],https://www.google.com/maps/search/?api=1&query=Chinese%20Health%20Care%2C%20Chinese%2C%20Maldives,7
Cinnamon Dhonveli Maldives Medical Clinic,General Clinic,"Cinnamon Dhonveli Maldives Medical Clinic, Cinnamon",Cinnamon,7415184,[email protected],https://www.google.com/maps/search/?api=1&query=Cinnamon%20Dhonveli%20Maldives%20Medical%20Clinic%2C%20Cinnamon%2C%20Maldives,7
Cinnamon Velifushi Maldives Medical Clinic,General Clinic,"Cinnamon Velifushi Maldives Medical Clinic, Cinnamon",Cinnamon,7307777,[email protected],https://www.google.com/maps/search/?api=1&query=Cinnamon%20Velifushi%20Maldives%20Medical%20Clinic%2C%20Cinnamon%2C%20Maldives,7
City Optical,Area Specific Clinic,"City Optical, City",City,7777660,[email protected],https://www.google.com/maps/search/?api=1&query=City%20Optical%2C%20City%2C%20Maldives,7
Clinica,General Clinic,Clinica,,7817161,[email protected],https://www.google.com/maps/search/?api=1&query=Clinica%2C%20%2C%20Maldives,7
Clinica HiyaClosed,General Clinic,"Clinica HiyaClosed, Clinica",Clinica,781-7161,[email protected],https://www.google.com/maps/search/?api=1&query=Clinica%20HiyaClosed%2C%20Clinica%2C%20Maldives,7
Coco Chic Clinic,General Clinic,"Coco Chic Clinic, Coco",Coco,3000911,[email protected],https://www.google.com/maps/search/?api=1&query=Coco%20Chic%20Clinic%2C%20Coco%2C%20Maldives,7
Cocoa Island Clinic,General Clinic,"Cocoa Island Clinic, Cocoa",Cocoa,6641818,[email protected],https://www.google.com/maps/search/?api=1&query=Cocoa%20Island%20Clinic%2C%20Cocoa%2C%20Maldives,7
Cocogiri Clinic,General Clinic,"Cocogiri Clinic, Cocogiri",Cocogiri,7784975 / 7511844,[email protected],https://www.google.com/maps/search/?api=1&query=Cocogiri%20Clinic%2C%20Cocogiri%2C%20Maldives,7
Constance Moofushi Resort Clinic,General Clinic,"Constance Moofushi Resort Clinic, Constance",Constance,"3323564, 3323445","[email protected],[email protected]",https://www.google.com/maps/search/?api=1&query=Constance%20Moofushi%20Resort%20Clinic%2C%20Constance%2C%20Maldives,7
CORAL BAY CLINIC,General Clinic,"CORAL BAY CLINIC, CORAL",CORAL,+9606541405,[email protected],https://www.google.com/maps/search/?api=1&query=CORAL%20BAY%20CLINIC%2C%20CORAL%2C%20Maldives,7
Crystal Medicals,General Clinic,"Crystal Medicals, Crystal",Crystal,7991232 / 7790671,[email protected],https://www.google.com/maps/search/?api=1&query=Crystal%20Medicals%2C%20Crystal%2C%20Maldives,7
CyMa Care,General Clinic,"CyMa Care, CyMa",CyMa,7901920,[email protected],https://www.google.com/maps/search/?api=1&query=CyMa%20Care%2C%20CyMa%2C%20Maldives,7
CyMa Care Hulhumale',Therapeutic Service Clinic,"CyMa Care Hulhumale', CyMa",CyMa,7787260,[email protected],https://www.google.com/maps/search/?api=1&query=CyMa%20Care%20Hulhumale%27%2C%20CyMa%2C%20Maldives,7
D.S.M Clinic,General Clinic,D.S.M Clinic,,7778610,[email protected],https://www.google.com/maps/search/?api=1&query=D.S.M%20Clinic%2C%20%2C%20Maldives,7
Dental Care Centre,Area Specific Clinic,"Dental Care Centre, Dental",Dental,7348800 (Khatma),[email protected],https://www.google.com/maps/search/?api=1&query=Dental%20Care%20Centre%2C%20Dental%2C%20Maldives,8
Dental Studio,General Clinic,"Dental Studio, Dental",Dental,7777466,[email protected],https://www.google.com/maps/search/?api=1&query=Dental%20Studio%2C%20Dental%2C%20Maldives,8
DH. Atoll Hospital,Hospital Grade 2,"DH. Atoll Hospital, DH.",DH.,3328887,[email protected],https://www.google.com/maps/search/?api=1&query=DH.%20Atoll%20Hospital%2C%20DH.%2C%20Maldives,8
DH. Bandidhoo Health Centre,Health Centre Grade 2,"DH. Bandidhoo Health Centre, DH.",DH.,3328887,[email protected],https://www.google.com/maps/search/?api=1&query=DH.%20Bandidhoo%20Health%20Centre%2C%20DH.%2C%20Maldives,8
DH. Hulhudhelee Health Centre,Health Centre Grade 1,"DH. Hulhudhelee Health Centre, DH.",DH.,3328887,[email protected],https://www.google.com/maps/search/?api=1&query=DH.%20Hulhudhelee%20Health%20Centre%2C%20DH.%2C%20Maldives,8
DH. Maaenboodhoo Health Centre,Health Centre Grade 1,"DH. Maaenboodhoo Health Centre, DH.",DH.,3328887,[email protected],https://www.google.com/maps/search/?api=1&query=DH.%20Maaenboodhoo%20Health%20Centre%2C%20DH.%2C%20Maldives,8
Dh. Meedhoo Health Center,Health Centre Grade 3,"Dh. Meedhoo Health Center, Dhaalu Atoll",Dhaalu Atoll,3328887,[email protected],https://www.google.com/maps/search/?api=1&query=Dh.%20Meedhoo%20Health%20Center%2C%20Dhaalu%20Atoll%2C%20Maldives,8
DH. Rinbidhoo Health Centre,Health Centre Grade 1,"DH. Rinbidhoo Health Centre, DH.",DH.,3328887,[email protected],https://www.google.com/maps/search/?api=1&query=DH.%20Rinbidhoo%20Health%20Centre%2C%20DH.%2C%20Maldives,8
Dharavandhoo Medical Center,General Clinic,"Dharavandhoo Medical Center, Dharavandhoo",Dharavandhoo,9641334,[email protected],https://www.google.com/maps/search/?api=1&query=Dharavandhoo%20Medical%20Center%2C%20Dharavandhoo%2C%20Maldives,8
Dharumavantha Hospital,Tertiary Hospital,"Dharumavantha Hospital, Dharumavantha",Dharumavantha,,,https://www.google.com/maps/search/?api=1&query=Dharumavantha%20Hospital%2C%20Dharumavantha%2C%20Maldives,8
Dhigali Clinic,General Clinic,"Dhigali Clinic, Dhigali",Dhigali,3323080,[email protected],https://www.google.com/maps/search/?api=1&query=Dhigali%20Clinic%2C%20Dhigali%2C%20Maldives,8
Dhirithi Faruvaa,Complementary Medicine Clinic,"Dhirithi Faruvaa, Dhirithi",Dhirithi,7784814,[email protected],https://www.google.com/maps/search/?api=1&query=Dhirithi%20Faruvaa%2C%20Dhirithi%2C%20Maldives,8
Dhivehi Beys Clinic,Traditional Medicine Clinic,"Dhivehi Beys Clinic, Dhivehi",Dhivehi,7734716,[email protected],https://www.google.com/maps/search/?api=1&query=Dhivehi%20Beys%20Clinic%2C%20Dhivehi%2C%20Maldives,8
Dhoonidhoo Clinic,General Clinic,"Dhoonidhoo Clinic, Dhoonidhoo",Dhoonidhoo,300078,[email protected],https://www.google.com/maps/search/?api=1&query=Dhoonidhoo%20Clinic%2C%20Dhoonidhoo%2C%20Maldives,8
Dhugethi Dhivehibeys clinic,Traditional Medicine Clinic,"Dhugethi Dhivehibeys clinic, Dhugethi",Dhugethi,7787818,[email protected],https://www.google.com/maps/search/?api=1&query=Dhugethi%20Dhivehibeys%20clinic%2C%20Dhugethi%2C%20Maldives,8
Dhun-nika dhivehibeys clinic,Therapeutic Service Clinic,Dhun-nika dhivehibeys clinic,,9103000,[email protected],https://www.google.com/maps/search/?api=1&query=Dhun-nika%20dhivehibeys%20clinic%2C%20%2C%20Maldives,9
Doctor's Clinic,General Clinic,Doctor's Clinic,,3330617 /6680001,[email protected],https://www.google.com/maps/search/?api=1&query=Doctor%27s%20Clinic%2C%20%2C%20Maldives,9
Dr Didi Dental And Medical Center,General Clinic,"Dr Didi Dental And Medical Center, Dr",Dr,,[email protected],https://www.google.com/maps/search/?api=1&query=Dr%20Didi%20Dental%20And%20Medical%20Center%2C%20Dr%2C%20Maldives,9
Dr Usama Dental Clinic,General Clinic,"Dr Usama Dental Clinic, Dr",Dr,3330076,[email protected],https://www.google.com/maps/search/?api=1&query=Dr%20Usama%20Dental%20Clinic%2C%20Dr%2C%20Maldives,9
Dr. Abduh Samad Memorial Hospital,Hospital Grade 3,"Dr. Abduh Samad Memorial Hospital, Dr.",Dr.,6841970,[email protected],https://www.google.com/maps/search/?api=1&query=Dr.%20Abduh%20Samad%20Memorial%20Hospital%2C%20Dr.%2C%20Maldives,9
Dr. Didi Dental Centre,General Clinic,"Dr. Didi Dental Centre, Dr.",Dr.,7784452,[email protected],https://www.google.com/maps/search/?api=1&query=Dr.%20Didi%20Dental%20Centre%2C%20Dr.%2C%20Maldives,9
Dr. Jihad's Dental and Medical Centre,Area Specific Clinic,"Dr. Jihad's Dental and Medical Centre, Dr.",Dr.,9110001,[email protected],https://www.google.com/maps/search/?api=1&query=Dr.%20Jihad%27s%20Dental%20and%20Medical%20Centre%2C%20Dr.%2C%20Maldives,9
Dr. Usama's Clinic Maafannu,General Clinic,"Dr. Usama's Clinic Maafannu, Dr.",Dr.,3330076,[email protected],https://www.google.com/maps/search/?api=1&query=Dr.%20Usama%27s%20Clinic%20Maafannu%2C%20Dr.%2C%20Maldives,9
Dreamland Clinic,General Clinic,"Dreamland Clinic, Dreamland",Dreamland,9999991,[email protected],https://www.google.com/maps/search/?api=1&query=Dreamland%20Clinic%2C%20Dreamland%2C%20Maldives,9
Early Intervention Therapy Centre,Therapeutic Service Clinic,"Early Intervention Therapy Centre, Early",Early,7708544,[email protected],https://www.google.com/maps/search/?api=1&query=Early%20Intervention%20Therapy%20Centre%2C%20Early%2C%20Maldives,9
Elite Medical Center,General Clinic,"Elite Medical Center, Elite",Elite,3333505,[email protected],https://www.google.com/maps/search/?api=1&query=Elite%20Medical%20Center%2C%20Elite%2C%20Maldives,9
Ellaidhoo Clinic,General Clinic,"Ellaidhoo Clinic, Ellaidhoo",Ellaidhoo,7415366,[email protected],https://www.google.com/maps/search/?api=1&query=Ellaidhoo%20Clinic%2C%20Ellaidhoo%2C%20Maldives,9
Embudu Village Clinic,General Clinic,"Embudu Village Clinic, Embudu",Embudu,7749010,[email protected],https://www.google.com/maps/search/?api=1&query=Embudu%20Village%20Clinic%2C%20Embudu%2C%20Maldives,9
Emerald Dental Care,Area Specific Clinic,"Emerald Dental Care, Emerald",Emerald,7970292   /9900886,[email protected],https://www.google.com/maps/search/?api=1&query=Emerald%20Dental%20Care%2C%20Emerald%2C%20Maldives,9
Emerald Faarushi Clinic,General Clinic,"Emerald Faarushi Clinic, Emerald",Emerald,3333644,[email protected],https://www.google.com/maps/search/?api=1&query=Emerald%20Faarushi%20Clinic%2C%20Emerald%2C%20Maldives,9
Emerald Maldives Resort Clinic,General Clinic,"Emerald Maldives Resort Clinic, Emerald",Emerald,7979718,[email protected],https://www.google.com/maps/search/?api=1&query=Emerald%20Maldives%20Resort%20Clinic%2C%20Emerald%2C%20Maldives,10
Eri Maldives Clinic,General Clinic,"Eri Maldives Clinic, Eri",Eri,7785842,[email protected],https://www.google.com/maps/search/?api=1&query=Eri%20Maldives%20Clinic%2C%20Eri%2C%20Maldives,10
Eriyadu ClinicClosed,General Clinic,"Eriyadu ClinicClosed, Eriyadu",Eriyadu,3343840,[email protected],https://www.google.com/maps/search/?api=1&query=Eriyadu%20ClinicClosed%2C%20Eriyadu%2C%20Maldives,10
Esma Dhivehi Beys ClinicClosed,Traditional Medicine Clinic,"Esma Dhivehi Beys ClinicClosed, Esma",Esma,7592811,[email protected],https://www.google.com/maps/search/?api=1&query=Esma%20Dhivehi%20Beys%20ClinicClosed%2C%20Esma%2C%20Maldives,10
European Clinic MaldivesClosed,General Clinic,"European Clinic MaldivesClosed, European",European,7773716,[email protected],https://www.google.com/maps/search/?api=1&query=European%20Clinic%20MaldivesClosed%2C%20European%2C%20Maldives,10
Eve Clinic,General Clinic,"Eve Clinic, Eve",Eve,7900788 / 3300788,[email protected],https://www.google.com/maps/search/?api=1&query=Eve%20Clinic%2C%20Eve%2C%20Maldives,10
Eve Clinic Vinares,General Clinic,"Eve Clinic Vinares, Eve",Eve,9900848,[email protected],https://www.google.com/maps/search/?api=1&query=Eve%20Clinic%20Vinares%2C%20Eve%2C%20Maldives,10
Eve Clinic West Park,General Clinic,"Eve Clinic West Park, Eve",Eve,7902415,[email protected],https://www.google.com/maps/search/?api=1&query=Eve%20Clinic%20West%20Park%2C%20Eve%2C%20Maldives,10
Eye Care Clinic,Area Specific Clinic,"Eye Care Clinic, Eye",Eye,,[email protected],https://www.google.com/maps/search/?api=1&query=Eye%20Care%20Clinic%2C%20Eye%2C%20Maldives,10
Eye Care Clinic Hulhumale' Branch,Area Specific Clinic,"Eye Care Clinic Hulhumale' Branch, Eye",Eye,3324300,[email protected],https://www.google.com/maps/search/?api=1&query=Eye%20Care%20Clinic%20Hulhumale%27%20Branch%2C%20Eye%2C%20Maldives,10
"Eye Care Clinic, Fareedhee Magu BranchClosed",Area Specific Clinic,"Eye Care Clinic, Fareedhee Magu BranchClosed, Eye",Eye,3324300,[email protected],https://www.google.com/maps/search/?api=1&query=Eye%20Care%20Clinic%2C%20Fareedhee%20Magu%20BranchClosed%2C%20Eye%2C%20Maldives,10
Eye Care Hospital,Area Specific Hospital,"Eye Care Hospital, Eye",Eye,3324300,[email protected],https://www.google.com/maps/search/?api=1&query=Eye%20Care%20Hospital%2C%20Eye%2C%20Maldives,10
Eye Care Opticals,Area Specific Clinic,"Eye Care Opticals, Eye",Eye,,[email protected],https://www.google.com/maps/search/?api=1&query=Eye%20Care%20Opticals%2C%20Eye%2C%20Maldives,10
Eye to Eye Opticals & Clinic,Area Specific Clinic,"Eye to Eye Opticals & Clinic, Eye",Eye,9637947,[email protected],https://www.google.com/maps/search/?api=1&query=Eye%20to%20Eye%20Opticals%20%26%20Clinic%2C%20Eye%2C%20Maldives,10
Eye to Eye Opticals & Clinic 2,Area Specific Clinic,"Eye to Eye Opticals & Clinic 2, Eye",Eye,7999595 / 9784084,[email protected],https://www.google.com/maps/search/?api=1&query=Eye%20to%20Eye%20Opticals%20%26%20Clinic%202%2C%20Eye%2C%20Maldives,10
Eye Zone Clinic,Area Specific Clinic,"Eye Zone Clinic, Eye",Eye,7370884,[email protected],https://www.google.com/maps/search/?api=1&query=Eye%20Zone%20Clinic%2C%20Eye%2C%20Maldives,11
F & C Medicare,General Clinic,"F & C Medicare, F",F,3333536,[email protected],https://www.google.com/maps/search/?api=1&query=F%20%26%20C%20Medicare%2C%20F%2C%20Maldives,11
F & C Medicare and Scan Center,General Clinic,"F & C Medicare and Scan Center, F",F,3333536,[email protected],https://www.google.com/maps/search/?api=1&query=F%20%26%20C%20Medicare%20and%20Scan%20Center%2C%20F%2C%20Maldives,11
"F & C Medicare, Meedhoo",General Clinic,"F & C Medicare, Meedhoo, F",F,3333536,[email protected],https://www.google.com/maps/search/?api=1&query=F%20%26%20C%20Medicare%2C%20Meedhoo%2C%20F%2C%20Maldives,11
F & C Prime Care,General Clinic,"F & C Prime Care, F",F,3333536,[email protected],https://www.google.com/maps/search/?api=1&query=F%20%26%20C%20Prime%20Care%2C%20F%2C%20Maldives,11
F. Atoll Hospital,Hospital Grade 1,"F. Atoll Hospital, Faafu Atoll",Faafu Atoll,3328887,[email protected],https://www.google.com/maps/search/?api=1&query=F.%20Atoll%20Hospital%2C%20Faafu%20Atoll%2C%20Maldives,11
F. Biledhoo Health Centre,Health Centre Grade 2,"F. Biledhoo Health Centre, Faafu Atoll",Faafu Atoll,3328887,[email protected],https://www.google.com/maps/search/?api=1&query=F.%20Biledhoo%20Health%20Centre%2C%20Faafu%20Atoll%2C%20Maldives,11
F. Dharanboodhoo Health Centre,Health Centre Grade 1,"F. Dharanboodhoo Health Centre, Faafu Atoll",Faafu Atoll,3328887,[email protected],https://www.google.com/maps/search/?api=1&query=F.%20Dharanboodhoo%20Health%20Centre%2C%20Faafu%20Atoll%2C%20Maldives,11
F. Feeali Health Center,Health Centre Grade 2,"F. Feeali Health Center, Faafu Atoll",Faafu Atoll,3328887,[email protected],https://www.google.com/maps/search/?api=1&query=F.%20Feeali%20Health%20Center%2C%20Faafu%20Atoll%2C%20Maldives,11
F.Magoodhoo Health Centre,Health Centre Grade 2,"F.Magoodhoo Health Centre, F.Magoodhoo",F.Magoodhoo,3328887,[email protected],https://www.google.com/maps/search/?api=1&query=F.Magoodhoo%20Health%20Centre%2C%20F.Magoodhoo%2C%20Maldives,11
Family Care Clinic and Scan Center,General Clinic,"Family Care Clinic and Scan Center, Family",Family,3300767,[email protected],https://www.google.com/maps/search/?api=1&query=Family%20Care%20Clinic%20and%20Scan%20Center%2C%20Family%2C%20Maldives,11
Family Dental Care,Area Specific Clinic,"Family Dental Care, Family",Family,9904089,[email protected],https://www.google.com/maps/search/?api=1&query=Family%20Dental%20Care%2C%20Family%2C%20Maldives,11
Family Planning Centre,General Clinic,"Family Planning Centre, Family",Family,7989037,[email protected],https://www.google.com/maps/search/?api=1&query=Family%20Planning%20Centre%2C%20Family%2C%20Maldives,11
Family Relationship Services,General Clinic,"Family Relationship Services, Family",Family,9989282,[email protected],https://www.google.com/maps/search/?api=1&query=Family%20Relationship%20Services%2C%20Family%2C%20Maldives,11
Farook HealthCare,General Clinic,"Farook HealthCare, Farook",Farook,6860656 / 7783197,[email protected],https://www.google.com/maps/search/?api=1&query=Farook%20HealthCare%2C%20Farook%2C%20Maldives,11
Farook Healthcare Villingili,General Clinic,"Farook Healthcare Villingili, Farook",Farook,7783197,[email protected],https://www.google.com/maps/search/?api=1&query=Farook%20Healthcare%20Villingili%2C%20Farook%2C%20Maldives,12
Faruvaa Clinic,General Clinic,"Faruvaa Clinic, Faruvaa",Faruvaa,3330535,[email protected],https://www.google.com/maps/search/?api=1&query=Faruvaa%20Clinic%2C%20Faruvaa%2C%20Maldives,12
Faxys Hijama Clinic,Complementary Medicine Clinic,"Faxys Hijama Clinic, Faxys",Faxys,7787204,[email protected],https://www.google.com/maps/search/?api=1&query=Faxys%20Hijama%20Clinic%2C%20Faxys%2C%20Maldives,12
Fihalhohi Clinic,General Clinic,"Fihalhohi Clinic, Fihalhohi",Fihalhohi,7902626,[email protected],https://www.google.com/maps/search/?api=1&query=Fihalhohi%20Clinic%2C%20Fihalhohi%2C%20Maldives,12
Finolhu Clinic,General Clinic,"Finolhu Clinic, Finolhu",Finolhu,6643152 / 7771284,[email protected],https://www.google.com/maps/search/?api=1&query=Finolhu%20Clinic%2C%20Finolhu%2C%20Maldives,12
Finolhu Clinic Plus,General Clinic,"Finolhu Clinic Plus, Finolhu",Finolhu,7772991,[email protected],https://www.google.com/maps/search/?api=1&query=Finolhu%20Clinic%20Plus%2C%20Finolhu%2C%20Maldives,12
Four Seasons Resort Maldives at Kuda Huraa Clinic,General Clinic,"Four Seasons Resort Maldives at Kuda Huraa Clinic, Four",Four,7567517,[email protected],https://www.google.com/maps/search/?api=1&query=Four%20Seasons%20Resort%20Maldives%20at%20Kuda%20Huraa%20Clinic%2C%20Four%2C%20Maldives,12
Furana Clinic,General Clinic,"Furana Clinic, Furana",Furana,3332245 / 7993083,[email protected],https://www.google.com/maps/search/?api=1&query=Furana%20Clinic%2C%20Furana%2C%20Maldives,12
Furaveri Clinic,General Clinic,"Furaveri Clinic, Furaveri",Furaveri,7783713,[email protected],https://www.google.com/maps/search/?api=1&query=Furaveri%20Clinic%2C%20Furaveri%2C%20Maldives,12
Fushi Clinic,General Clinic,"Fushi Clinic, Fushi",Fushi,7793923,[email protected],https://www.google.com/maps/search/?api=1&query=Fushi%20Clinic%2C%20Fushi%2C%20Maldives,12
Fuvahmulah Medical Centre,General Clinic,"Fuvahmulah Medical Centre, Fuvahmulah",Fuvahmulah,7786655,[email protected],https://www.google.com/maps/search/?api=1&query=Fuvahmulah%20Medical%20Centre%2C%20Fuvahmulah%2C%20Maldives,12
GA. Atoll Hospital,Hospital Grade 2,"GA. Atoll Hospital, GA.",GA.,3328887,[email protected],https://www.google.com/maps/search/?api=1&query=GA.%20Atoll%20Hospital%2C%20GA.%2C%20Maldives,12
GA. Dhaandhoo Health Centre,Health Centre Grade 3,"GA. Dhaandhoo Health Centre, GA.",GA.,3328887,[email protected],https://www.google.com/maps/search/?api=1&query=GA.%20Dhaandhoo%20Health%20Centre%2C%20GA.%2C%20Maldives,12
GA. Dhevvadhoo Health Centre,Health Centre Grade 3,"GA. Dhevvadhoo Health Centre, GA.",GA.,3328887,[email protected],https://www.google.com/maps/search/?api=1&query=GA.%20Dhevvadhoo%20Health%20Centre%2C%20GA.%2C%20Maldives,12
GA. Gemanafushi Health Centre,Health Centre Grade 3,"GA. Gemanafushi Health Centre, GA.",GA.,3328887,[email protected],https://www.google.com/maps/search/?api=1&query=GA.%20Gemanafushi%20Health%20Centre%2C%20GA.%2C%20Maldives,12
GA. Kan'dhuhulhudhoo Health Centre,Health Centre Grade 1,"GA. Kan'dhuhulhudhoo Health Centre, GA.",GA.,3328887,[email protected],https://www.google.com/maps/search/?api=1&query=GA.%20Kan%27dhuhulhudhoo%20Health%20Centre%2C%20GA.%2C%20Maldives,13
GA. Kolamafushi Health Centre,Health Centre Grade 3,"GA. Kolamafushi Health Centre, GA.",GA.,3328887,[email protected],https://www.google.com/maps/search/?api=1&query=GA.%20Kolamafushi%20Health%20Centre%2C%20GA.%2C%20Maldives,13
GA. Kondey Health Centre,Health Centre Grade 1,"GA. Kondey Health Centre, GA.",GA.,3328887,[email protected],https://www.google.com/maps/search/?api=1&query=GA.%20Kondey%20Health%20Centre%2C%20GA.%2C%20Maldives,13
GA. Maamendhoo Health Centre,Health Centre Grade 2,"GA. Maamendhoo Health Centre, GA.",GA.,3328887,[email protected],https://www.google.com/maps/search/?api=1&query=GA.%20Maamendhoo%20Health%20Centre%2C%20GA.%2C%20Maldives,13
GA. Nilandhoo Health Centre,Health Centre Grade 1,"GA. Nilandhoo Health Centre, GA.",GA.,3328887,[email protected],https://www.google.com/maps/search/?api=1&query=GA.%20Nilandhoo%20Health%20Centre%2C%20GA.%2C%20Maldives,13
Gagan Clinic,General Clinic,"Gagan Clinic, Gagan",Gagan,7926466,[email protected],https://www.google.com/maps/search/?api=1&query=Gagan%20Clinic%2C%20Gagan%2C%20Maldives,13
Gangehi Clinic,General Clinic,"Gangehi Clinic, Gangehi",Gangehi,7853402,[email protected],https://www.google.com/maps/search/?api=1&query=Gangehi%20Clinic%2C%20Gangehi%2C%20Maldives,13
GDh. Fares-mathoda Health Centre,Health Centre Grade 3,"GDh. Fares-mathoda Health Centre, Gaafu Dhaalu Atoll",Gaafu Dhaalu Atoll,6841970,[email protected],https://www.google.com/maps/search/?api=1&query=GDh.%20Fares-mathoda%20Health%20Centre%2C%20Gaafu%20Dhaalu%20Atoll%2C%20Maldives,13
GDh. Fiyoaree Health Centre,Health Centre Grade 2,"GDh. Fiyoaree Health Centre, Gaafu Dhaalu Atoll",Gaafu Dhaalu Atoll,6841970,[email protected],https://www.google.com/maps/search/?api=1&query=GDh.%20Fiyoaree%20Health%20Centre%2C%20Gaafu%20Dhaalu%20Atoll%2C%20Maldives,13
GDh. Gahdhoo Health Centre,Health Centre Grade 4,"GDh. Gahdhoo Health Centre, Gaafu Dhaalu Atoll",Gaafu Dhaalu Atoll,6841970,[email protected],https://www.google.com/maps/search/?api=1&query=GDh.%20Gahdhoo%20Health%20Centre%2C%20Gaafu%20Dhaalu%20Atoll%2C%20Maldives,13
GDh. Hoadedhoo Health Centre,Health Centre Grade 2,"GDh. Hoadedhoo Health Centre, Gaafu Dhaalu Atoll",Gaafu Dhaalu Atoll,6841970,[email protected],https://www.google.com/maps/search/?api=1&query=GDh.%20Hoadedhoo%20Health%20Centre%2C%20Gaafu%20Dhaalu%20Atoll%2C%20Maldives,13
GDh. Madaveli Health Centre,Health Centre Grade 2,"GDh. Madaveli Health Centre, Gaafu Dhaalu Atoll",Gaafu Dhaalu Atoll,6841970,[email protected],https://www.google.com/maps/search/?api=1&query=GDh.%20Madaveli%20Health%20Centre%2C%20Gaafu%20Dhaalu%20Atoll%2C%20Maldives,13
GDh. Nadella Health Centre,Health Centre Grade 2,"GDh. Nadella Health Centre, Gaafu Dhaalu Atoll",Gaafu Dhaalu Atoll,6841970,[email protected],https://www.google.com/maps/search/?api=1&query=GDh.%20Nadella%20Health%20Centre%2C%20Gaafu%20Dhaalu%20Atoll%2C%20Maldives,13
Gdh. Rathafandhoo Health Center,Health Centre Grade 2,"Gdh. Rathafandhoo Health Center, Gdh.",Gdh.,3328887,[email protected],https://www.google.com/maps/search/?api=1&query=Gdh.%20Rathafandhoo%20Health%20Center%2C%20Gdh.%2C%20Maldives,13
GDh. Vaadhoo Health Centre,Health Centre Grade 3,"GDh. Vaadhoo Health Centre, Gaafu Dhaalu Atoll",Gaafu Dhaalu Atoll,6841970,[email protected],https://www.google.com/maps/search/?api=1&query=GDh.%20Vaadhoo%20Health%20Centre%2C%20Gaafu%20Dhaalu%20Atoll%2C%20Maldives,13
Gili Gets Well,General Clinic,"Gili Gets Well, Gili",Gili,,[email protected],https://www.google.com/maps/search/?api=1&query=Gili%20Gets%20Well%2C%20Gili%2C%20Maldives,14
Gnaviyani Atoll Hospital,Hospital Grade 2,"Gnaviyani Atoll Hospital, Gnaviyani",Gnaviyani,3328887,[email protected],https://www.google.com/maps/search/?api=1&query=Gnaviyani%20Atoll%20Hospital%2C%20Gnaviyani%2C%20Maldives,14
Grand Clinic,General Clinic,"Grand Clinic, Grand",Grand,9912345,[email protected],https://www.google.com/maps/search/?api=1&query=Grand%20Clinic%2C%20Grand%2C%20Maldives,14
Great Minds,Therapeutic Service Clinic,"Great Minds, Great",Great,7772828 / 7772266 / 7797987 / 7901177,[email protected],https://www.google.com/maps/search/?api=1&query=Great%20Minds%2C%20Great%2C%20Maldives,14
Guest And Staff Clinic,General Clinic,"Guest And Staff Clinic, Guest",Guest,7772991,[email protected],https://www.google.com/maps/search/?api=1&query=Guest%20And%20Staff%20Clinic%2C%20Guest%2C%20Maldives,14
Gynova,General Clinic,Gynova,,9658989,[email protected],https://www.google.com/maps/search/?api=1&query=Gynova%2C%20%2C%20Maldives,14
H Dh. Finey Health Center,Health Centre Grade 1,"H Dh. Finey Health Center, H",H,3328887,[email protected],https://www.google.com/maps/search/?api=1&query=H%20Dh.%20Finey%20Health%20Center%2C%20H%2C%20Maldives,14
H.a Thakandhoo Health Centre,Health Centre Grade 2,"H.a Thakandhoo Health Centre, H.a",H.a,3328887,[email protected],https://www.google.com/maps/search/?api=1&query=H.a%20Thakandhoo%20Health%20Centre%2C%20H.a%2C%20Maldives,14
Ha. Atoll Hospital,Hospital Grade 2,"Ha. Atoll Hospital, Ha.",Ha.,3328887,[email protected],https://www.google.com/maps/search/?api=1&query=Ha.%20Atoll%20Hospital%2C%20Ha.%2C%20Maldives,14
HA. Baarah Health Centre,Health Centre Grade 3,"HA. Baarah Health Centre, HA.",HA.,3328887,[email protected],https://www.google.com/maps/search/?api=1&query=HA.%20Baarah%20Health%20Centre%2C%20HA.%2C%20Maldives,14
Ha. Filladhoo Health Centre,Health Centre Grade 1,"Ha. Filladhoo Health Centre, Ha.",Ha.,3328887,[email protected],https://www.google.com/maps/search/?api=1&query=Ha.%20Filladhoo%20Health%20Centre%2C%20Ha.%2C%20Maldives,14
Ha. Hoarafushi Health Centre,Health Centre Grade 4,"Ha. Hoarafushi Health Centre, Ha.",Ha.,3328887,[email protected],https://www.google.com/maps/search/?api=1&query=Ha.%20Hoarafushi%20Health%20Centre%2C%20Ha.%2C%20Maldives,14
Ha. Kela Health Centre,Health Centre Grade 3,"Ha. Kela Health Centre, Ha.",Ha.,3328887,[email protected],https://www.google.com/maps/search/?api=1&query=Ha.%20Kela%20Health%20Centre%2C%20Ha.%2C%20Maldives,14
Ha. Maarandhoo Health Centre,Health Centre Grade 1,"Ha. Maarandhoo Health Centre, Ha.",Ha.,3328887,[email protected],https://www.google.com/maps/search/?api=1&query=Ha.%20Maarandhoo%20Health%20Centre%2C%20Ha.%2C%20Maldives,14
Ha. Molhadhoo Health Centre,Health Centre Grade 1,"Ha. Molhadhoo Health Centre, Ha.",Ha.,3328887,[email protected],https://www.google.com/maps/search/?api=1&query=Ha.%20Molhadhoo%20Health%20Centre%2C%20Ha.%2C%20Maldives,14
Ha. Muraidhoo Health Centre,Health Centre Grade 1,"Ha. Muraidhoo Health Centre, Ha.",Ha.,3328887,[email protected],https://www.google.com/maps/search/?api=1&query=Ha.%20Muraidhoo%20Health%20Centre%2C%20Ha.%2C%20Maldives,15
Ha. Thuraakurun Health Centre,Health Centre Grade 1,"Ha. Thuraakurun Health Centre, Ha.",Ha.,3328887,[email protected],https://www.google.com/maps/search/?api=1&query=Ha.%20Thuraakurun%20Health%20Centre%2C%20Ha.%2C%20Maldives,15
Ha. Uligamu Health Centre,Health Centre Grade 1,"Ha. Uligamu Health Centre, Ha.",Ha.,3328887,[email protected],https://www.google.com/maps/search/?api=1&query=Ha.%20Uligamu%20Health%20Centre%2C%20Ha.%2C%20Maldives,15
Ha. Utheem Health Centre,Health Centre Grade 2,"Ha. Utheem Health Centre, Ha.",Ha.,3328887,[email protected],https://www.google.com/maps/search/?api=1&query=Ha.%20Utheem%20Health%20Centre%2C%20Ha.%2C%20Maldives,15
Ha. Vashafaru Health Centre,Health Centre Grade 2,"Ha. Vashafaru Health Centre, Ha.",Ha.,3328887,[email protected],https://www.google.com/maps/search/?api=1&query=Ha.%20Vashafaru%20Health%20Centre%2C%20Ha.%2C%20Maldives,15
Haajy Medical Clinic,General Clinic,"Haajy Medical Clinic, Haajy",Haajy,6528822,[email protected],https://www.google.com/maps/search/?api=1&query=Haajy%20Medical%20Clinic%2C%20Haajy%2C%20Maldives,15
Hadahaa Clinic,General Clinic,"Hadahaa Clinic, Hadahaa",Hadahaa,,,https://www.google.com/maps/search/?api=1&query=Hadahaa%20Clinic%2C%20Hadahaa%2C%20Maldives,15
Hadh. Hanimaadhoo Health Centre,Health Centre Grade 3,"Hadh. Hanimaadhoo Health Centre, Hadh.",Hadh.,3328887,[email protected],https://www.google.com/maps/search/?api=1&query=Hadh.%20Hanimaadhoo%20Health%20Centre%2C%20Hadh.%2C%20Maldives,15
Hakuraa Medical Centre,General Clinic,"Hakuraa Medical Centre, Hakuraa",Hakuraa,7415510,[email protected],https://www.google.com/maps/search/?api=1&query=Hakuraa%20Medical%20Centre%2C%20Hakuraa%2C%20Maldives,15
Halaveli Clinic,General Clinic,"Halaveli Clinic, Halaveli",Halaveli,3322719,[email protected],https://www.google.com/maps/search/?api=1&query=Halaveli%20Clinic%2C%20Halaveli%2C%20Maldives,15
Havodda Clinic,General Clinic,"Havodda Clinic, Havodda",Havodda,,,https://www.google.com/maps/search/?api=1&query=Havodda%20Clinic%2C%20Havodda%2C%20Maldives,15
HDh. Hirimaradhoo Health Centre,Health Centre Grade 1,"HDh. Hirimaradhoo Health Centre, Haa Dhaalu Atoll",Haa Dhaalu Atoll,3328887,[email protected],https://www.google.com/maps/search/?api=1&query=HDh.%20Hirimaradhoo%20Health%20Centre%2C%20Haa%20Dhaalu%20Atoll%2C%20Maldives,15
HDh. Kumundhoo Health Centre,Health Centre Grade 1,"HDh. Kumundhoo Health Centre, Haa Dhaalu Atoll",Haa Dhaalu Atoll,3328887,[email protected],https://www.google.com/maps/search/?api=1&query=HDh.%20Kumundhoo%20Health%20Centre%2C%20Haa%20Dhaalu%20Atoll%2C%20Maldives,15
HDh. kurinbi Health Centre,Health Centre Grade 1,"HDh. kurinbi Health Centre, Haa Dhaalu Atoll",Haa Dhaalu Atoll,3328887,[email protected],https://www.google.com/maps/search/?api=1&query=HDh.%20kurinbi%20Health%20Centre%2C%20Haa%20Dhaalu%20Atoll%2C%20Maldives,15
HDh. Makunudhoo Health Centre,Health Centre Grade 3,"HDh. Makunudhoo Health Centre, Haa Dhaalu Atoll",Haa Dhaalu Atoll,3328887,[email protected],https://www.google.com/maps/search/?api=1&query=HDh.%20Makunudhoo%20Health%20Centre%2C%20Haa%20Dhaalu%20Atoll%2C%20Maldives,15
HDh. Naivaadhoo Health Centre,Health Centre Grade 1,"HDh. Naivaadhoo Health Centre, Haa Dhaalu Atoll",Haa Dhaalu Atoll,3328887,[email protected],https://www.google.com/maps/search/?api=1&query=HDh.%20Naivaadhoo%20Health%20Centre%2C%20Haa%20Dhaalu%20Atoll%2C%20Maldives,16
HDh. Nellaidhoo HealthCentre,Health Centre Grade 2,"HDh. Nellaidhoo HealthCentre, Haa Dhaalu Atoll",Haa Dhaalu Atoll,3328887,[email protected],https://www.google.com/maps/search/?api=1&query=HDh.%20Nellaidhoo%20HealthCentre%2C%20Haa%20Dhaalu%20Atoll%2C%20Maldives,16
HDh. Neykurendhoo Health Centre,Health Centre Grade 3,"HDh. Neykurendhoo Health Centre, Haa Dhaalu Atoll",Haa Dhaalu Atoll,3328887,[email protected],https://www.google.com/maps/search/?api=1&query=HDh.%20Neykurendhoo%20Health%20Centre%2C%20Haa%20Dhaalu%20Atoll%2C%20Maldives,16
HDh. Nolhivaran Health Centre,Health Centre Grade 3,"HDh. Nolhivaran Health Centre, Haa Dhaalu Atoll",Haa Dhaalu Atoll,3328887,[email protected],https://www.google.com/maps/search/?api=1&query=HDh.%20Nolhivaran%20Health%20Centre%2C%20Haa%20Dhaalu%20Atoll%2C%20Maldives,16
HDh. Nolhivaranfaru Health Centre,Health Centre Grade 3,"HDh. Nolhivaranfaru Health Centre, Haa Dhaalu Atoll",Haa Dhaalu Atoll,3328887,[email protected],https://www.google.com/maps/search/?api=1&query=HDh.%20Nolhivaranfaru%20Health%20Centre%2C%20Haa%20Dhaalu%20Atoll%2C%20Maldives,16
HDh. Vaikaradhoo HealthCentre,Health Centre Grade 3,"HDh. Vaikaradhoo HealthCentre, Haa Dhaalu Atoll",Haa Dhaalu Atoll,3328887,[email protected],https://www.google.com/maps/search/?api=1&query=HDh.%20Vaikaradhoo%20HealthCentre%2C%20Haa%20Dhaalu%20Atoll%2C%20Maldives,16
Healing Care Medical Center,Area Specific Clinic,"Healing Care Medical Center, Healing",Healing,7901278,[email protected],https://www.google.com/maps/search/?api=1&query=Healing%20Care%20Medical%20Center%2C%20Healing%2C%20Maldives,16
Heart Care,General Clinic,"Heart Care, Heart",Heart,7977744,[email protected],https://www.google.com/maps/search/?api=1&query=Heart%20Care%2C%20Heart%2C%20Maldives,16
Helengeli Clinic,General Clinic,"Helengeli Clinic, Helengeli",Helengeli,3339992,[email protected],https://www.google.com/maps/search/?api=1&query=Helengeli%20Clinic%2C%20Helengeli%2C%20Maldives,16
Herbal Medi Clinic,Traditional Medicine Clinic,"Herbal Medi Clinic, Herbal",Herbal,7669515,[email protected],https://www.google.com/maps/search/?api=1&query=Herbal%20Medi%20Clinic%2C%20Herbal%2C%20Maldives,16
Hijama Faruva By Manara Clinic,Complementary Medicine Clinic,"Hijama Faruva By Manara Clinic, Hijama",Hijama,7986762,[email protected],https://www.google.com/maps/search/?api=1&query=Hijama%20Faruva%20By%20Manara%20Clinic%2C%20Hijama%2C%20Maldives,16
Hiyaa Medical Center,General Clinic,"Hiyaa Medical Center, Hiyaa",Hiyaa,3336774,[email protected],https://www.google.com/maps/search/?api=1&query=Hiyaa%20Medical%20Center%2C%20Hiyaa%2C%20Maldives,16
Holistic Hijama MV,Complementary Medicine Clinic,"Holistic Hijama MV, Holistic",Holistic,7696630/9146415/ 9994135,[email protected],https://www.google.com/maps/search/?api=1&query=Holistic%20Hijama%20MV%2C%20Holistic%2C%20Maldives,16
Hope Dental Care,Area Specific Clinic,"Hope Dental Care, Hope",Hope,7958876 / 7777159,[email protected],https://www.google.com/maps/search/?api=1&query=Hope%20Dental%20Care%2C%20Hope%2C%20Maldives,16
Hope Health Care,Therapeutic Service Clinic,"Hope Health Care, Hope",Hope,7783198,[email protected],https://www.google.com/maps/search/?api=1&query=Hope%20Health%20Care%2C%20Hope%2C%20Maldives,16
HPSN Medical Clinic,General Clinic,"HPSN Medical Clinic, HPSN",HPSN,3013017,[email protected],https://www.google.com/maps/search/?api=1&query=HPSN%20Medical%20Clinic%2C%20HPSN%2C%20Maldives,17
Hudhuranfushi Clinic,General Clinic,"Hudhuranfushi Clinic, Hudhuranfushi",Hudhuranfushi,6640375,[email protected],https://www.google.com/maps/search/?api=1&query=Hudhuranfushi%20Clinic%2C%20Hudhuranfushi%2C%20Maldives,17
Hulhumale Hospital,Tertiary Hospital,"Hulhumale Hospital, Hulhumale",Hulhumale,3335335,[email protected],https://www.google.com/maps/search/?api=1&query=Hulhumale%20Hospital%2C%20Hulhumale%2C%20Maldives,17
Huraa Health Center,Health Centre Grade 2,"Huraa Health Center, Huraa",Huraa,3328887,[email protected],https://www.google.com/maps/search/?api=1&query=Huraa%20Health%20Center%2C%20Huraa%2C%20Maldives,17
Hurawalhi Clinic,General Clinic,"Hurawalhi Clinic, Hurawalhi",Hurawalhi,3326545,[email protected],https://www.google.com/maps/search/?api=1&query=Hurawalhi%20Clinic%2C%20Hurawalhi%2C%20Maldives,17
Hussain Abduh Samad Memorial Clinic,General Clinic,"Hussain Abduh Samad Memorial Clinic, Hussain",Hussain,7772680,[email protected],https://www.google.com/maps/search/?api=1&query=Hussain%20Abduh%20Samad%20Memorial%20Clinic%2C%20Hussain%2C%20Maldives,17
Huva ClinicClosed,Therapeutic Service Clinic,"Huva ClinicClosed, Huva",Huva,9988006,[email protected],https://www.google.com/maps/search/?api=1&query=Huva%20ClinicClosed%2C%20Huva%2C%20Maldives,17
Huvadhoo PCR labClosed,Diagnostic Service Clinic,"Huvadhoo PCR labClosed, Huvadhoo",Huvadhoo,7795352,[email protected],https://www.google.com/maps/search/?api=1&query=Huvadhoo%20PCR%20labClosed%2C%20Huvadhoo%2C%20Maldives,17
Huvadhoo Therapy Clinic,Therapeutic Service Clinic,"Huvadhoo Therapy Clinic, Huvadhoo",Huvadhoo,7788878,[email protected],https://www.google.com/maps/search/?api=1&query=Huvadhoo%20Therapy%20Clinic%2C%20Huvadhoo%2C%20Maldives,17
Huvafen Fushi Clinic,General Clinic,"Huvafen Fushi Clinic, Huvafen",Huvafen,3323080,[email protected],https://www.google.com/maps/search/?api=1&query=Huvafen%20Fushi%20Clinic%2C%20Huvafen%2C%20Maldives,17
I wear,Area Specific Clinic,"I wear, I",I,3008558,[email protected],https://www.google.com/maps/search/?api=1&query=I%20wear%2C%20I%2C%20Maldives,17
I.M.D.C Multi Speciality Hospital,General Hospital,I.M.D.C Multi Speciality Hospital,,3334478,[email protected],https://www.google.com/maps/search/?api=1&query=I.M.D.C%20Multi%20Speciality%20Hospital%2C%20%2C%20Maldives,17
ICATT Maldives- Medical Services,Area Specific Clinic,"ICATT Maldives- Medical Services, ICATT",ICATT,7781937,"[email protected],[email protected]",https://www.google.com/maps/search/?api=1&query=ICATT%20Maldives-%20Medical%20Services%2C%20ICATT%2C%20Maldives,17
Ifuru Clinic,General Clinic,"Ifuru Clinic, Ifuru",Ifuru,3332822,[email protected],https://www.google.com/maps/search/?api=1&query=Ifuru%20Clinic%2C%20Ifuru%2C%20Maldives,17
IHG Maamunagau Clinic,General Clinic,"IHG Maamunagau Clinic, IHG",IHG,7772991,[email protected],https://www.google.com/maps/search/?api=1&query=IHG%20Maamunagau%20Clinic%2C%20IHG%2C%20Maldives,17
Ilaa Ali Adam Clinic,General Clinic,"Ilaa Ali Adam Clinic, Ilaa",Ilaa,7747722,[email protected],https://www.google.com/maps/search/?api=1&query=Ilaa%20Ali%20Adam%20Clinic%2C%20Ilaa%2C%20Maldives,18
Ilaaj Hijama & Alternative Medical Services,Complementary Medicine Clinic,"Ilaaj Hijama & Alternative Medical Services, Ilaaj",Ilaaj,7740409,,https://www.google.com/maps/search/?api=1&query=Ilaaj%20Hijama%20%26%20Alternative%20Medical%20Services%2C%20Ilaaj%2C%20Maldives,18
Image center,General Clinic,"Image center, Image",Image,3334888,[email protected]/[email protected],https://www.google.com/maps/search/?api=1&query=Image%20center%2C%20Image%2C%20Maldives,18
Imperial Medicare Centre,General Clinic,"Imperial Medicare Centre, Imperial",Imperial,7774441,[email protected],https://www.google.com/maps/search/?api=1&query=Imperial%20Medicare%20Centre%2C%20Imperial%2C%20Maldives,18
IMPLANTREE DENTAL & AESTHETICS CLINIC,General Clinic,"IMPLANTREE DENTAL & AESTHETICS CLINIC, IMPLANTREE",IMPLANTREE,7935795,[email protected],https://www.google.com/maps/search/?api=1&query=IMPLANTREE%20DENTAL%20%26%20AESTHETICS%20CLINIC%2C%20IMPLANTREE%2C%20Maldives,18
Indhira Gandhi Memorial Hospital,Tertiary Hospital,"Indhira Gandhi Memorial Hospital, Indhira",Indhira,3335335,[email protected],https://www.google.com/maps/search/?api=1&query=Indhira%20Gandhi%20Memorial%20Hospital%2C%20Indhira%2C%20Maldives,18
Institute For Counselling And Psychotherapy,Therapeutic Service Clinic,"Institute For Counselling And Psychotherapy, Institute",Institute,3304206,[email protected],https://www.google.com/maps/search/?api=1&query=Institute%20For%20Counselling%20And%20Psychotherapy%2C%20Institute%2C%20Maldives,18
Institute Of Mental Well Being,Area Specific Clinic,"Institute Of Mental Well Being, Institute",Institute,3337892,[email protected],https://www.google.com/maps/search/?api=1&query=Institute%20Of%20Mental%20Well%20Being%2C%20Institute%2C%20Maldives,18
Island Health Clinic,General Clinic,"Island Health Clinic, Island",Island,3341775 / 4000999,[email protected],https://www.google.com/maps/search/?api=1&query=Island%20Health%20Clinic%2C%20Island%2C%20Maldives,18
Island Polyclinic,Area Specific Clinic,"Island Polyclinic, Island",Island,9459739,[email protected],https://www.google.com/maps/search/?api=1&query=Island%20Polyclinic%2C%20Island%2C%20Maldives,18
Ithaafushi Clinic,General Clinic,"Ithaafushi Clinic, Ithaafushi",Ithaafushi,7771463,[email protected],https://www.google.com/maps/search/?api=1&query=Ithaafushi%20Clinic%2C%20Ithaafushi%2C%20Maldives,18
Jawakara Clinic,General Clinic,"Jawakara Clinic, Jawakara",Jawakara,3326545,[email protected],https://www.google.com/maps/search/?api=1&query=Jawakara%20Clinic%2C%20Jawakara%2C%20Maldives,18
JIRAA Health Centre,General Clinic,"JIRAA Health Centre, JIRAA",JIRAA,9110001,[email protected],https://www.google.com/maps/search/?api=1&query=JIRAA%20Health%20Centre%2C%20JIRAA%2C%20Maldives,18
Joali Being Clinic,General Clinic,"Joali Being Clinic, Joali",Joali,3005515,,https://www.google.com/maps/search/?api=1&query=Joali%20Being%20Clinic%2C%20Joali%2C%20Maldives,18
Joali Muravandhoo Clinic,General Clinic,"Joali Muravandhoo Clinic, Joali",Joali,7900462 / 7587249,[email protected],https://www.google.com/maps/search/?api=1&query=Joali%20Muravandhoo%20Clinic%2C%20Joali%2C%20Maldives,18
JP Memorial Clinic,General Clinic,"JP Memorial Clinic, JP",JP,"3009094, 3009095",[email protected],https://www.google.com/maps/search/?api=1&query=JP%20Memorial%20Clinic%2C%20JP%2C%20Maldives,19
K. Gaafaru Health Centre,Health Centre Grade 2,"K. Gaafaru Health Centre, Kaafu Atoll",Kaafu Atoll,3328887,[email protected],https://www.google.com/maps/search/?api=1&query=K.%20Gaafaru%20Health%20Centre%2C%20Kaafu%20Atoll%2C%20Maldives,19
K. Guraidhoo Heath Centre,Health Centre Grade 3,"K. Guraidhoo Heath Centre, Kaafu Atoll",Kaafu Atoll,3328887,[email protected],https://www.google.com/maps/search/?api=1&query=K.%20Guraidhoo%20Heath%20Centre%2C%20Kaafu%20Atoll%2C%20Maldives,19
K. Maafushi Health Centre,Health Centre Grade 3,"K. Maafushi Health Centre, Kaafu Atoll",Kaafu Atoll,3328887,[email protected],https://www.google.com/maps/search/?api=1&query=K.%20Maafushi%20Health%20Centre%2C%20Kaafu%20Atoll%2C%20Maldives,19
K. Thulusdhoo Health Centre,Health Centre Grade 3,"K. Thulusdhoo Health Centre, Kaafu Atoll",Kaafu Atoll,3328887,[email protected],https://www.google.com/maps/search/?api=1&query=K.%20Thulusdhoo%20Health%20Centre%2C%20Kaafu%20Atoll%2C%20Maldives,19
K.Dhiffushi Health Centre,Health Centre Grade 2,"K.Dhiffushi Health Centre, K.Dhiffushi",K.Dhiffushi,3328887,[email protected],https://www.google.com/maps/search/?api=1&query=K.Dhiffushi%20Health%20Centre%2C%20K.Dhiffushi%2C%20Maldives,19
K.Gulhi Health Centre,Health Centre Grade 2,"K.Gulhi Health Centre, K.Gulhi",K.Gulhi,3328887,[email protected],https://www.google.com/maps/search/?api=1&query=K.Gulhi%20Health%20Centre%2C%20K.Gulhi%2C%20Maldives,19
K.Himmafushi Health Centre,Health Centre Grade 3,"K.Himmafushi Health Centre, K.Himmafushi",K.Himmafushi,3328887,[email protected],https://www.google.com/maps/search/?api=1&query=K.Himmafushi%20Health%20Centre%2C%20K.Himmafushi%2C%20Maldives,19
K.Kaashidhoo Health Centre,Health Centre Grade 3,"K.Kaashidhoo Health Centre, K.Kaashidhoo",K.Kaashidhoo,3328887,[email protected],https://www.google.com/maps/search/?api=1&query=K.Kaashidhoo%20Health%20Centre%2C%20K.Kaashidhoo%2C%20Maldives,19
Kaam Medical,General Clinic,"Kaam Medical, Kaam",Kaam,7675776,[email protected],https://www.google.com/maps/search/?api=1&query=Kaam%20Medical%2C%20Kaam%2C%20Maldives,19
Kagi Clinic,General Clinic,"Kagi Clinic, Kagi",Kagi,6640123,[email protected],https://www.google.com/maps/search/?api=1&query=Kagi%20Clinic%2C%20Kagi%2C%20Maldives,19
Kandima Medical Center,General Clinic,"Kandima Medical Center, Kandima",Kandima,6760077,[email protected],https://www.google.com/maps/search/?api=1&query=Kandima%20Medical%20Center%2C%20Kandima%2C%20Maldives,19
Kandolhu Clinic,General Clinic,"Kandolhu Clinic, Kandolhu",Kandolhu,3323080,[email protected],https://www.google.com/maps/search/?api=1&query=Kandolhu%20Clinic%2C%20Kandolhu%2C%20Maldives,19
Kandooma Clinic,General Clinic,"Kandooma Clinic, Kandooma",Kandooma,,,https://www.google.com/maps/search/?api=1&query=Kandooma%20Clinic%2C%20Kandooma%2C%20Maldives,19
Kani Medical Clinic,General Clinic,"Kani Medical Clinic, Kani",Kani,,[email protected],https://www.google.com/maps/search/?api=1&query=Kani%20Medical%20Clinic%2C%20Kani%2C%20Maldives,19
Kanuhura Clinic,General Clinic,"Kanuhura Clinic, Kanuhura",Kanuhura,7786424,[email protected],https://www.google.com/maps/search/?api=1&query=Kanuhura%20Clinic%2C%20Kanuhura%2C%20Maldives,20
Kanuhura ClinicClosed,General Clinic,"Kanuhura ClinicClosed, Kanuhura",Kanuhura,7770948,[email protected],https://www.google.com/maps/search/?api=1&query=Kanuhura%20ClinicClosed%2C%20Kanuhura%2C%20Maldives,20
Knowhub,Therapeutic Service Clinic,Knowhub,,3331999,[email protected],https://www.google.com/maps/search/?api=1&query=Knowhub%2C%20%2C%20Maldives,20
KODHIPPARU CLINIC,General Clinic,"KODHIPPARU CLINIC, KODHIPPARU",KODHIPPARU,+960 665 1111,[email protected],https://www.google.com/maps/search/?api=1&query=KODHIPPARU%20CLINIC%2C%20KODHIPPARU%2C%20Maldives,20
Komandoo Clinic,General Clinic,"Komandoo Clinic, Komandoo",Komandoo,3326545,[email protected],https://www.google.com/maps/search/?api=1&query=Komandoo%20Clinic%2C%20Komandoo%2C%20Maldives,20
Kothaifaru Clinic,General Clinic,"Kothaifaru Clinic, Kothaifaru",Kothaifaru,3005515,[email protected],https://www.google.com/maps/search/?api=1&query=Kothaifaru%20Clinic%2C%20Kothaifaru%2C%20Maldives,20
Kulhelama Therapy,Therapeutic Service Clinic,"Kulhelama Therapy, Kulhelama",Kulhelama,7770422,[email protected],https://www.google.com/maps/search/?api=1&query=Kulhelama%20Therapy%2C%20Kulhelama%2C%20Maldives,20
Kulhudhuhfushi Regional Hospital,Hospital Grade 3,"Kulhudhuhfushi Regional Hospital, Kulhudhuhfushi",Kulhudhuhfushi,3328887,[email protected],https://www.google.com/maps/search/?api=1&query=Kulhudhuhfushi%20Regional%20Hospital%2C%20Kulhudhuhfushi%2C%20Maldives,20
Kulunu Medical Clinic,General Clinic,"Kulunu Medical Clinic, Kulunu",Kulunu,7790665 / 9771412,[email protected],https://www.google.com/maps/search/?api=1&query=Kulunu%20Medical%20Clinic%2C%20Kulunu%2C%20Maldives,20
Kunaavashi Clinic,General Clinic,"Kunaavashi Clinic, Kunaavashi",Kunaavashi,7942858,[email protected],https://www.google.com/maps/search/?api=1&query=Kunaavashi%20Clinic%2C%20Kunaavashi%2C%20Maldives,20
Kuramathi Medical Centre,General Clinic,"Kuramathi Medical Centre, Kuramathi",Kuramathi,3323080,,https://www.google.com/maps/search/?api=1&query=Kuramathi%20Medical%20Centre%2C%20Kuramathi%2C%20Maldives,20
Kuredhivaru Clinic,General Clinic,"Kuredhivaru Clinic, Kuredhivaru",Kuredhivaru,9444200 / 6563000,[email protected],https://www.google.com/maps/search/?api=1&query=Kuredhivaru%20Clinic%2C%20Kuredhivaru%2C%20Maldives,20
Kurumba Clinic,General Clinic,"Kurumba Clinic, Kurumba",Kurumba,3323080,[email protected],https://www.google.com/maps/search/?api=1&query=Kurumba%20Clinic%2C%20Kurumba%2C%20Maldives,20
KV Clinic,General Clinic,"KV Clinic, KV",KV,9100091,[email protected],https://www.google.com/maps/search/?api=1&query=KV%20Clinic%2C%20KV%2C%20Maldives,20
L. Dhanbidhoo Health Centre,Health Centre Grade 1,"L. Dhanbidhoo Health Centre, L.",L.,6800026,[email protected],https://www.google.com/maps/search/?api=1&query=L.%20Dhanbidhoo%20Health%20Centre%2C%20L.%2C%20Maldives,20
L. Fonadhoo Health Centre,Health Centre Grade 3,"L. Fonadhoo Health Centre, L.",L.,6800026,[email protected],https://www.google.com/maps/search/?api=1&query=L.%20Fonadhoo%20Health%20Centre%2C%20L.%2C%20Maldives,21
L. Isdhoo Health Centre,Health Centre Grade 3,"L. Isdhoo Health Centre, L.",L.,6800026,[email protected],https://www.google.com/maps/search/?api=1&query=L.%20Isdhoo%20Health%20Centre%2C%20L.%2C%20Maldives,21
L. Kunahandhoo Health Centre,Health Centre Grade 1,"L. Kunahandhoo Health Centre, L.",L.,6800026,[email protected],https://www.google.com/maps/search/?api=1&query=L.%20Kunahandhoo%20Health%20Centre%2C%20L.%2C%20Maldives,21
L. Maabaidhoo Health Centre,Health Centre Grade 3,"L. Maabaidhoo Health Centre, L.",L.,6800026,[email protected],https://www.google.com/maps/search/?api=1&query=L.%20Maabaidhoo%20Health%20Centre%2C%20L.%2C%20Maldives,21
L. Maamendhoo Health center,Health Centre Grade 2,"L. Maamendhoo Health center, L.",L.,6800026,[email protected],https://www.google.com/maps/search/?api=1&query=L.%20Maamendhoo%20Health%20center%2C%20L.%2C%20Maldives,21
L. Maavashu Health Centre,Health Centre Grade 3,"L. Maavashu Health Centre, L.",L.,6800026,[email protected],https://www.google.com/maps/search/?api=1&query=L.%20Maavashu%20Health%20Centre%2C%20L.%2C%20Maldives,21
L. Mundoo Health Centre,Health Centre Grade 1,"L. Mundoo Health Centre, L.",L.,6800026,[email protected],https://www.google.com/maps/search/?api=1&query=L.%20Mundoo%20Health%20Centre%2C%20L.%2C%20Maldives,21
L.Gan Regional Hospital,Hospital Grade 3,"L.Gan Regional Hospital, L.Gan",L.Gan,6800026,[email protected],https://www.google.com/maps/search/?api=1&query=L.Gan%20Regional%20Hospital%2C%20L.Gan%2C%20Maldives,21
L.Hithadhoo Health Center,Health Centre Grade 3,"L.Hithadhoo Health Center, L.Hithadhoo",L.Hithadhoo,6800026,[email protected],https://www.google.com/maps/search/?api=1&query=L.Hithadhoo%20Health%20Center%2C%20L.Hithadhoo%2C%20Maldives,21
Leaf of Life Clinic,Complementary Medicine Clinic,"Leaf of Life Clinic, Leaf",Leaf,9486741,[email protected],https://www.google.com/maps/search/?api=1&query=Leaf%20of%20Life%20Clinic%2C%20Leaf%2C%20Maldives,21
Leykokaa Medical and Rehabilitation Centre,General Clinic,"Leykokaa Medical and Rehabilitation Centre, Leykokaa",Leykokaa,9880909,,https://www.google.com/maps/search/?api=1&query=Leykokaa%20Medical%20and%20Rehabilitation%20Centre%2C%20Leykokaa%2C%20Maldives,21
LH. Atoll Hospital,Hospital Grade 2,"LH. Atoll Hospital, LH.",LH.,3328887,[email protected],https://www.google.com/maps/search/?api=1&query=LH.%20Atoll%20Hospital%2C%20LH.%2C%20Maldives,21
LH. Hinnavaru Health Centre,Health Centre Grade 4,"LH. Hinnavaru Health Centre, LH.",LH.,3328887,[email protected],https://www.google.com/maps/search/?api=1&query=LH.%20Hinnavaru%20Health%20Centre%2C%20LH.%2C%20Maldives,21
LH. Kurendhoo Health Centre,Health Centre Grade 3,"LH. Kurendhoo Health Centre, LH.",LH.,3328887,[email protected],https://www.google.com/maps/search/?api=1&query=LH.%20Kurendhoo%20Health%20Centre%2C%20LH.%2C%20Maldives,21
Lh.Olhuvelifushi Health Centre,Health Centre Grade 3,Lh.Olhuvelifushi Health Centre,,3328887,[email protected],https://www.google.com/maps/search/?api=1&query=Lh.Olhuvelifushi%20Health%20Centre%2C%20%2C%20Maldives,21
Life Care Medical,General Clinic,"Life Care Medical, Life",Life,764929,[email protected],https://www.google.com/maps/search/?api=1&query=Life%20Care%20Medical%2C%20Life%2C%20Maldives,22
Life Care Medical Centre,General Clinic,"Life Care Medical Centre, Life",Life,7727040,[email protected],https://www.google.com/maps/search/?api=1&query=Life%20Care%20Medical%20Centre%2C%20Life%2C%20Maldives,22
Life Wellness Clinic,General Clinic,"Life Wellness Clinic, Life",Life,9804197,[email protected],https://www.google.com/maps/search/?api=1&query=Life%20Wellness%20Clinic%2C%20Life%2C%20Maldives,22
Listen Clinic,General Clinic,"Listen Clinic, Listen",Listen,3326410,[email protected],https://www.google.com/maps/search/?api=1&query=Listen%20Clinic%2C%20Listen%2C%20Maldives,22
Lux Maldives Resort Clinic,General Clinic,"Lux Maldives Resort Clinic, Lux",Lux,3318826,[email protected],https://www.google.com/maps/search/?api=1&query=Lux%20Maldives%20Resort%20Clinic%2C%20Lux%2C%20Maldives,22
M. Dhiggaru Health Centre,Health Centre Grade 4,"M. Dhiggaru Health Centre, M.",M.,3328887,[email protected],https://www.google.com/maps/search/?api=1&query=M.%20Dhiggaru%20Health%20Centre%2C%20M.%2C%20Maldives,22
M. Kolhufushi Health Centre,Health Centre Grade 4,"M. Kolhufushi Health Centre, M.",M.,3328887,[email protected],https://www.google.com/maps/search/?api=1&query=M.%20Kolhufushi%20Health%20Centre%2C%20M.%2C%20Maldives,22
M. Maduvvaree Health Center,Health Centre Grade 4,"M. Maduvvaree Health Center, M.",M.,3328887,[email protected],https://www.google.com/maps/search/?api=1&query=M.%20Maduvvaree%20Health%20Center%2C%20M.%2C%20Maldives,22
M. Mulaku Health Centre,Health Centre Grade 3,"M. Mulaku Health Centre, M.",M.,3328887,[email protected],https://www.google.com/maps/search/?api=1&query=M.%20Mulaku%20Health%20Centre%2C%20M.%2C%20Maldives,22
M. Mulee Regional Hospital,Hospital Grade 1,"M. Mulee Regional Hospital, M.",M.,3328887,[email protected],https://www.google.com/maps/search/?api=1&query=M.%20Mulee%20Regional%20Hospital%2C%20M.%2C%20Maldives,22
M. Naalaafushi Health Centre,Health Centre Grade 4,"M. Naalaafushi Health Centre, M.",M.,3328887,[email protected],https://www.google.com/maps/search/?api=1&query=M.%20Naalaafushi%20Health%20Centre%2C%20M.%2C%20Maldives,22
M. Raiymaadhoo Health Centre,Health Centre Grade 4,"M. Raiymaadhoo Health Centre, M.",M.,3328887,[email protected],https://www.google.com/maps/search/?api=1&query=M.%20Raiymaadhoo%20Health%20Centre%2C%20M.%2C%20Maldives,22
M. Veyvah Health Centre,Health Centre Grade 1,"M. Veyvah Health Centre, M.",M.,3328887,[email protected],https://www.google.com/maps/search/?api=1&query=M.%20Veyvah%20Health%20Centre%2C%20M.%2C%20Maldives,22
M.C.S. Medical Center 2,General Clinic,M.C.S. Medical Center 2,,,[email protected],https://www.google.com/maps/search/?api=1&query=M.C.S.%20Medical%20Center%202%2C%20%2C%20Maldives,22
Maadhoo Clinic,General Clinic,"Maadhoo Clinic, Maadhoo",Maadhoo,3339992,[email protected],https://www.google.com/maps/search/?api=1&query=Maadhoo%20Clinic%2C%20Maadhoo%2C%20Maldives,22
Maafushivaru Clinic,General Clinic,"Maafushivaru Clinic, Maafushivaru",Maafushivaru,,,https://www.google.com/maps/search/?api=1&query=Maafushivaru%20Clinic%2C%20Maafushivaru%2C%20Maldives,23
Maalifushi By COMO,General Clinic,"Maalifushi By COMO, Maalifushi",Maalifushi,7778684,[email protected],https://www.google.com/maps/search/?api=1&query=Maalifushi%20By%20COMO%2C%20Maalifushi%2C%20Maldives,23
Maamigili Clinic,General Clinic,"Maamigili Clinic, Maamigili",Maamigili,7772991,[email protected],https://www.google.com/maps/search/?api=1&query=Maamigili%20Clinic%2C%20Maamigili%2C%20Maldives,23
Maandhoo Medical Centre,General Clinic,"Maandhoo Medical Centre, Maandhoo",Maandhoo,,[email protected],https://www.google.com/maps/search/?api=1&query=Maandhoo%20Medical%20Centre%2C%20Maandhoo%2C%20Maldives,23
Maayafushi Clinic,General Clinic,"Maayafushi Clinic, Maayafushi",Maayafushi,7795352,[email protected],https://www.google.com/maps/search/?api=1&query=Maayafushi%20Clinic%2C%20Maayafushi%2C%20Maldives,23
MACL Medical Clinic,General Clinic,"MACL Medical Clinic, MACL",MACL,3325511,[email protected],https://www.google.com/maps/search/?api=1&query=MACL%20Medical%20Clinic%2C%20MACL%2C%20Maldives,23
Mafhaa Diagnostic Centre,General Clinic,"Mafhaa Diagnostic Centre, Mafhaa",Mafhaa,3344949,[email protected],https://www.google.com/maps/search/?api=1&query=Mafhaa%20Diagnostic%20Centre%2C%20Mafhaa%2C%20Maldives,23
Magey Physio,General Clinic,"Magey Physio, Magey",Magey,9880909,[email protected],https://www.google.com/maps/search/?api=1&query=Magey%20Physio%2C%20Magey%2C%20Maldives,23
Maldicare,General Clinic,Maldicare,,3331590 / 7705335,[email protected],https://www.google.com/maps/search/?api=1&query=Maldicare%2C%20%2C%20Maldives,23
Maldives Alternative Medical Centre,Traditional Medicine Clinic,"Maldives Alternative Medical Centre, Maldives",Maldives,9990092,[email protected],https://www.google.com/maps/search/?api=1&query=Maldives%20Alternative%20Medical%20Centre%2C%20Maldives%2C%20Maldives,23
Maldives Correctional Service Medical Center,General Clinic,"Maldives Correctional Service Medical Center, Maldives",Maldives,3026169 / 3026120,[email protected],https://www.google.com/maps/search/?api=1&query=Maldives%20Correctional%20Service%20Medical%20Center%2C%20Maldives%2C%20Maldives,23
Maldives Diagnostic Centre,Diagnostic Service Clinic,"Maldives Diagnostic Centre, Maldives",Maldives,7776968 / 7776943,[email protected],https://www.google.com/maps/search/?api=1&query=Maldives%20Diagnostic%20Centre%2C%20Maldives%2C%20Maldives,23
Maldives Emergency Medical Services,Area Specific Centre,"Maldives Emergency Medical Services, Maldives",Maldives,3328887,[email protected],https://www.google.com/maps/search/?api=1&query=Maldives%20Emergency%20Medical%20Services%2C%20Maldives%2C%20Maldives,23
Maldives Mobile Nursing Crae,General Clinic,"Maldives Mobile Nursing Crae, Maldives",Maldives,9990220,[email protected],https://www.google.com/maps/search/?api=1&query=Maldives%20Mobile%20Nursing%20Crae%2C%20Maldives%2C%20Maldives,23
Maldives Neuro Endocrine Medical Facility,General Clinic,"Maldives Neuro Endocrine Medical Facility, Maldives",Maldives,7702662,[email protected],https://www.google.com/maps/search/?api=1&query=Maldives%20Neuro%20Endocrine%20Medical%20Facility%2C%20Maldives%2C%20Maldives,23
Male' Eye Clinic,Area Specific Clinic,Male' Eye Clinic,,3326410,[email protected],https://www.google.com/maps/search/?api=1&query=Male%27%20Eye%20Clinic%2C%20%2C%20Maldives,24
Master Dental Care Centre,Area Specific Clinic,"Master Dental Care Centre, Master",Master,7777466,[email protected],https://www.google.com/maps/search/?api=1&query=Master%20Dental%20Care%20Centre%2C%20Master%2C%20Maldives,24
Master Dental Care Centro,Area Specific Clinic,"Master Dental Care Centro, Master",Master,7777466,[email protected],https://www.google.com/maps/search/?api=1&query=Master%20Dental%20Care%20Centro%2C%20Master%2C%20Maldives,24
Master Medical and Dental Care Centre,General Clinic,"Master Medical and Dental Care Centre, Master",Master,7719970,[email protected],https://www.google.com/maps/search/?api=1&query=Master%20Medical%20and%20Dental%20Care%20Centre%2C%20Master%2C%20Maldives,24
Mavericks Care,General Clinic,"Mavericks Care, Mavericks",Mavericks,7778830,[email protected],https://www.google.com/maps/search/?api=1&query=Mavericks%20Care%2C%20Mavericks%2C%20Maldives,24
Maya Clinic,General Clinic,"Maya Clinic, Maya",Maya,7991281,[email protected]/[email protected],https://www.google.com/maps/search/?api=1&query=Maya%20Clinic%2C%20Maya%2C%20Maldives,24
Medhope Medical Centre,General Clinic,"Medhope Medical Centre, Medhope",Medhope,7777169 /  3342910,[email protected],https://www.google.com/maps/search/?api=1&query=Medhope%20Medical%20Centre%2C%20Medhope%2C%20Maldives,24
Medica,General Hospital,Medica,,3007090,[email protected],https://www.google.com/maps/search/?api=1&query=Medica%2C%20%2C%20Maldives,24
Medical & Hyperbaric Clinic,General Clinic,"Medical & Hyperbaric Clinic, Medical",Medical,,,https://www.google.com/maps/search/?api=1&query=Medical%20%26%20Hyperbaric%20Clinic%2C%20Medical%2C%20Maldives,24
Medicrest Clinic and Diagnostics,General Clinic,"Medicrest Clinic and Diagnostics, Medicrest",Medicrest,7897744,[email protected],https://www.google.com/maps/search/?api=1&query=Medicrest%20Clinic%20and%20Diagnostics%2C%20Medicrest%2C%20Maldives,24
Mediflex Dental and Maxillofacial Surgery,Area Specific Clinic,"Mediflex Dental and Maxillofacial Surgery, Mediflex",Mediflex,3000663,[email protected],https://www.google.com/maps/search/?api=1&query=Mediflex%20Dental%20and%20Maxillofacial%20Surgery%2C%20Mediflex%2C%20Maldives,24
Mediflex Laboratories,Diagnostic Service Clinic,"Mediflex Laboratories, Mediflex",Mediflex,3000663,[email protected],https://www.google.com/maps/search/?api=1&query=Mediflex%20Laboratories%2C%20Mediflex%2C%20Maldives,24
Mediflex Scan CentreClosed,Diagnostic Service Clinic,"Mediflex Scan CentreClosed, Mediflex",Mediflex,3000663,[email protected],https://www.google.com/maps/search/?api=1&query=Mediflex%20Scan%20CentreClosed%2C%20Mediflex%2C%20Maldives,24
MedLab Diagnostic,Diagnostic Service Clinic,"MedLab Diagnostic, MedLab",MedLab,3010878,[email protected],https://www.google.com/maps/search/?api=1&query=MedLab%20Diagnostic%2C%20MedLab%2C%20Maldives,24
Mednova Medical Center,General Clinic,"Mednova Medical Center, Mednova",Mednova,7784975,[email protected],https://www.google.com/maps/search/?api=1&query=Mednova%20Medical%20Center%2C%20Mednova%2C%20Maldives,24
Medplus Dental,Area Specific Clinic,"Medplus Dental, Medplus",Medplus,7466253,[email protected],https://www.google.com/maps/search/?api=1&query=Medplus%20Dental%2C%20Medplus%2C%20Maldives,25
Meedhupparu Clinic,General Clinic,"Meedhupparu Clinic, Meedhupparu",Meedhupparu,3315236,[email protected],https://www.google.com/maps/search/?api=1&query=Meedhupparu%20Clinic%2C%20Meedhupparu%2C%20Maldives,25
Meeru Clinic,General Clinic,"Meeru Clinic, Meeru",Meeru,6643157,[email protected],https://www.google.com/maps/search/?api=1&query=Meeru%20Clinic%2C%20Meeru%2C%20Maldives,25
Mercure Maldives Kooddoo Clinic,General Clinic,"Mercure Maldives Kooddoo Clinic, Mercure",Mercure,3333887,[email protected],https://www.google.com/maps/search/?api=1&query=Mercure%20Maldives%20Kooddoo%20Clinic%2C%20Mercure%2C%20Maldives,25
Milaidhoo Clinic,General Clinic,"Milaidhoo Clinic, Milaidhoo",Milaidhoo,3323080,[email protected],https://www.google.com/maps/search/?api=1&query=Milaidhoo%20Clinic%2C%20Milaidhoo%2C%20Maldives,25
Mind Space,Therapeutic Service Clinic,"Mind Space, Mind",Mind,7774997,[email protected],https://www.google.com/maps/search/?api=1&query=Mind%20Space%2C%20Mind%2C%20Maldives,25
Mindcare Clinic,Therapeutic Service Clinic,"Mindcare Clinic, Mindcare",Mindcare,7717174 / 7868676,[email protected],https://www.google.com/maps/search/?api=1&query=Mindcare%20Clinic%2C%20Mindcare%2C%20Maldives,25
MIOT Rehab Centre - Maldives,General Clinic,"MIOT Rehab Centre - Maldives, MIOT",MIOT,,[email protected],https://www.google.com/maps/search/?api=1&query=MIOT%20Rehab%20Centre%20-%20Maldives%2C%20MIOT%2C%20Maldives,25
Mipstar Clinic,Area Specific Clinic,"Mipstar Clinic, Mipstar",Mipstar,7800076,[email protected],https://www.google.com/maps/search/?api=1&query=Mipstar%20Clinic%2C%20Mipstar%2C%20Maldives,25
Mirage Clinic,General Clinic,"Mirage Clinic, Mirage",Mirage,7797990,[email protected],https://www.google.com/maps/search/?api=1&query=Mirage%20Clinic%2C%20Mirage%2C%20Maldives,25
Miriandhoo Medical Services,General Clinic,"Miriandhoo Medical Services, Miriandhoo",Miriandhoo,7469981 / 3341775,[email protected],https://www.google.com/maps/search/?api=1&query=Miriandhoo%20Medical%20Services%2C%20Miriandhoo%2C%20Maldives,25
Modern Medical Centre,General Clinic,"Modern Medical Centre, Modern",Modern,9993148,[email protected],https://www.google.com/maps/search/?api=1&query=Modern%20Medical%20Centre%2C%20Modern%2C%20Maldives,25
Moving Cure,Therapeutic Service Clinic,"Moving Cure, Moving",Moving,7792030,[email protected],https://www.google.com/maps/search/?api=1&query=Moving%20Cure%2C%20Moving%2C%20Maldives,25
MPI Clinique,General Clinic,"MPI Clinique, MPI",MPI,3330888,[email protected],https://www.google.com/maps/search/?api=1&query=MPI%20Clinique%2C%20MPI%2C%20Maldives,25
Mudhdhoo Clinic,General Clinic,"Mudhdhoo Clinic, Mudhdhoo",Mudhdhoo,7778830,[email protected],https://www.google.com/maps/search/?api=1&query=Mudhdhoo%20Clinic%2C%20Mudhdhoo%2C%20Maldives,25
Muraka Clinic,General Clinic,"Muraka Clinic, Muraka",Muraka,7772991,[email protected],https://www.google.com/maps/search/?api=1&query=Muraka%20Clinic%2C%20Muraka%2C%20Maldives,26
MV DX Diagnostics,Diagnostic Service Clinic,"MV DX Diagnostics, MV",MV,"3337010, 7661885",[email protected],https://www.google.com/maps/search/?api=1&query=MV%20DX%20Diagnostics%2C%20MV%2C%20Maldives,26
My Care Medical Centre,General Clinic,"My Care Medical Centre, My",My,7771504,[email protected],https://www.google.com/maps/search/?api=1&query=My%20Care%20Medical%20Centre%2C%20My%2C%20Maldives,26
My Clinic,General Clinic,"My Clinic, My",My,7776313,[email protected],https://www.google.com/maps/search/?api=1&query=My%20Clinic%2C%20My%2C%20Maldives,26
My Dental Care,Area Specific Clinic,"My Dental Care, My",My,7933404,[email protected],https://www.google.com/maps/search/?api=1&query=My%20Dental%20Care%2C%20My%2C%20Maldives,26
My Dentist,Area Specific Clinic,"My Dentist, My",My,7933404 / 3350888,[email protected],https://www.google.com/maps/search/?api=1&query=My%20Dentist%2C%20My%2C%20Maldives,26
My Family Dentist,Area Specific Clinic,"My Family Dentist, My",My,9942318,[email protected],https://www.google.com/maps/search/?api=1&query=My%20Family%20Dentist%2C%20My%2C%20Maldives,26
My Family Dentist Male',Area Specific Clinic,"My Family Dentist Male', My",My,7774331,[email protected],https://www.google.com/maps/search/?api=1&query=My%20Family%20Dentist%20Male%27%2C%20My%2C%20Maldives,26
My LabClosed,Diagnostic Service Clinic,"My LabClosed, My",My,9774131 / 7720360,[email protected],https://www.google.com/maps/search/?api=1&query=My%20LabClosed%2C%20My%2C%20Maldives,26
My LabClosed,Diagnostic Service Clinic,"My LabClosed, My",My,9774131 / 7720360,[email protected],https://www.google.com/maps/search/?api=1&query=My%20LabClosed%2C%20My%2C%20Maldives,26
My Lab DharavandhooClosed,Diagnostic Service Clinic,"My Lab DharavandhooClosed, My",My,9774131,[email protected],https://www.google.com/maps/search/?api=1&query=My%20Lab%20DharavandhooClosed%2C%20My%2C%20Maldives,26
My Medical Center,General Clinic,"My Medical Center, My",My,7778893,[email protected],https://www.google.com/maps/search/?api=1&query=My%20Medical%20Center%2C%20My%2C%20Maldives,26
N. Atoll hospital,Hospital Grade 2,"N. Atoll hospital, Noonu Atoll",Noonu Atoll,3328887,[email protected],https://www.google.com/maps/search/?api=1&query=N.%20Atoll%20hospital%2C%20Noonu%20Atoll%2C%20Maldives,26
N. Fohdhoo Health Centre,Health Centre Grade 1,"N. Fohdhoo Health Centre, Noonu Atoll",Noonu Atoll,3328887,[email protected],https://www.google.com/maps/search/?api=1&query=N.%20Fohdhoo%20Health%20Centre%2C%20Noonu%20Atoll%2C%20Maldives,26
N. Henbadhoo Health Centre,Health Centre Grade 1,"N. Henbadhoo Health Centre, Noonu Atoll",Noonu Atoll,3328887,[email protected],https://www.google.com/maps/search/?api=1&query=N.%20Henbadhoo%20Health%20Centre%2C%20Noonu%20Atoll%2C%20Maldives,26
N. Holhudhoo Health Centre,Health Centre Grade 3,"N. Holhudhoo Health Centre, Noonu Atoll",Noonu Atoll,3328887,[email protected],https://www.google.com/maps/search/?api=1&query=N.%20Holhudhoo%20Health%20Centre%2C%20Noonu%20Atoll%2C%20Maldives,27
N. Kendhikulhudhoo Health Centre,Health Centre Grade 2,"N. Kendhikulhudhoo Health Centre, Noonu Atoll",Noonu Atoll,3328887,[email protected],https://www.google.com/maps/search/?api=1&query=N.%20Kendhikulhudhoo%20Health%20Centre%2C%20Noonu%20Atoll%2C%20Maldives,27
N. Kudafari Health Centre,Health Centre Grade 1,"N. Kudafari Health Centre, Noonu Atoll",Noonu Atoll,3328887,[email protected],https://www.google.com/maps/search/?api=1&query=N.%20Kudafari%20Health%20Centre%2C%20Noonu%20Atoll%2C%20Maldives,27
N. Landhoo Health Centre,Health Centre Grade 2,"N. Landhoo Health Centre, Noonu Atoll",Noonu Atoll,3328887,[email protected],https://www.google.com/maps/search/?api=1&query=N.%20Landhoo%20Health%20Centre%2C%20Noonu%20Atoll%2C%20Maldives,27
N. Lhohi Health Centre,Health Centre Grade 1,"N. Lhohi Health Centre, Noonu Atoll",Noonu Atoll,3328887,[email protected],https://www.google.com/maps/search/?api=1&query=N.%20Lhohi%20Health%20Centre%2C%20Noonu%20Atoll%2C%20Maldives,27
N. Maafaru Health Center,Health Centre Grade 3,"N. Maafaru Health Center, Noonu Atoll",Noonu Atoll,3328887,[email protected],https://www.google.com/maps/search/?api=1&query=N.%20Maafaru%20Health%20Center%2C%20Noonu%20Atoll%2C%20Maldives,27
N. Maalhendhoo Health Centre,Health Centre Grade 1,"N. Maalhendhoo Health Centre, Noonu Atoll",Noonu Atoll,3328887,[email protected],https://www.google.com/maps/search/?api=1&query=N.%20Maalhendhoo%20Health%20Centre%2C%20Noonu%20Atoll%2C%20Maldives,27
N. Magoodhoo Health Centre,Health Centre Grade 1,"N. Magoodhoo Health Centre, Noonu Atoll",Noonu Atoll,3328887,[email protected],https://www.google.com/maps/search/?api=1&query=N.%20Magoodhoo%20Health%20Centre%2C%20Noonu%20Atoll%2C%20Maldives,27
N. Miladhoo Health Centre,Health Centre Grade 2,"N. Miladhoo Health Centre, Noonu Atoll",Noonu Atoll,3328887,[email protected],https://www.google.com/maps/search/?api=1&query=N.%20Miladhoo%20Health%20Centre%2C%20Noonu%20Atoll%2C%20Maldives,27
N. Velidhoo Health Centre,Health Centre Grade 4,"N. Velidhoo Health Centre, Noonu Atoll",Noonu Atoll,3328887,[email protected],https://www.google.com/maps/search/?api=1&query=N.%20Velidhoo%20Health%20Centre%2C%20Noonu%20Atoll%2C%20Maldives,27
Nada Clinic,General Clinic,"Nada Clinic, Nada",Nada,7773882,[email protected],https://www.google.com/maps/search/?api=1&query=Nada%20Clinic%2C%20Nada%2C%20Maldives,27
Nada Clinic,General Clinic,"Nada Clinic, Nada",Nada,7773882,[email protected],https://www.google.com/maps/search/?api=1&query=Nada%20Clinic%2C%20Nada%2C%20Maldives,27
Nafsu Psychological Services,Therapeutic Service Clinic,"Nafsu Psychological Services, Nafsu",Nafsu,7355554 /9181817,[email protected],https://www.google.com/maps/search/?api=1&query=Nafsu%20Psychological%20Services%2C%20Nafsu%2C%20Maldives,27
Naifaru Medical Center,General Clinic,"Naifaru Medical Center, Naifaru",Naifaru,6620340,[email protected],https://www.google.com/maps/search/?api=1&query=Naifaru%20Medical%20Center%2C%20Naifaru%2C%20Maldives,27
Nautilus Medical Center,General Clinic,"Nautilus Medical Center, Nautilus",Nautilus,7309846,[email protected],https://www.google.com/maps/search/?api=1&query=Nautilus%20Medical%20Center%2C%20Nautilus%2C%20Maldives,27
NazaHealth,Therapeutic Service Clinic,NazaHealth,,7793638,[email protected],https://www.google.com/maps/search/?api=1&query=NazaHealth%2C%20%2C%20Maldives,28
Niyama Resort Clinic,General Clinic,"Niyama Resort Clinic, Niyama",Niyama,7906095,[email protected],https://www.google.com/maps/search/?api=1&query=Niyama%20Resort%20Clinic%2C%20Niyama%2C%20Maldives,28
Niyama Resort Clinic,General Clinic,"Niyama Resort Clinic, Niyama",Niyama,7951795,[email protected],https://www.google.com/maps/search/?api=1&query=Niyama%20Resort%20Clinic%2C%20Niyama%2C%20Maldives,28
Noo Clinic,General Clinic,"Noo Clinic, Noo",Noo,3009094 / 3009095,[email protected],https://www.google.com/maps/search/?api=1&query=Noo%20Clinic%2C%20Noo%2C%20Maldives,28
Noosandha,General Clinic,Noosandha,,3300078,[email protected],https://www.google.com/maps/search/?api=1&query=Noosandha%2C%20%2C%20Maldives,28
Noosandha - Addu,General Clinic,"Noosandha - Addu, Noosandha",Noosandha,,[email protected],https://www.google.com/maps/search/?api=1&query=Noosandha%20-%20Addu%2C%20Noosandha%2C%20Maldives,28
Nova Clinic,General Clinic,"Nova Clinic, Nova",Nova,7242787,[email protected],https://www.google.com/maps/search/?api=1&query=Nova%20Clinic%2C%20Nova%2C%20Maldives,28
Novalux DiagnosticsClosed,Diagnostic Service Clinic,"Novalux DiagnosticsClosed, Novalux",Novalux,3309900,[email protected],https://www.google.com/maps/search/?api=1&query=Novalux%20DiagnosticsClosed%2C%20Novalux%2C%20Maldives,28
Nowall Medical Centre,Area Specific Clinic,"Nowall Medical Centre, Nowall",Nowall,9678182 /7847616,[email protected],https://www.google.com/maps/search/?api=1&query=Nowall%20Medical%20Centre%2C%20Nowall%2C%20Maldives,28
NU Hospitals Clinic,General Clinic,"NU Hospitals Clinic, NU",NU,3353535,[email protected],https://www.google.com/maps/search/?api=1&query=NU%20Hospitals%20Clinic%2C%20NU%2C%20Maldives,28
Oagaa Medical Centre,General Clinic,"Oagaa Medical Centre, Oagaa",Oagaa,7772856,[email protected],https://www.google.com/maps/search/?api=1&query=Oagaa%20Medical%20Centre%2C%20Oagaa%2C%20Maldives,28
Olive Medical Centre,Area Specific Clinic,"Olive Medical Centre, Olive",Olive,7288698,[email protected],https://www.google.com/maps/search/?api=1&query=Olive%20Medical%20Centre%2C%20Olive%2C%20Maldives,28
Omega Medical Centre,Area Specific Clinic,"Omega Medical Centre, Omega",Omega,7773720,[email protected],https://www.google.com/maps/search/?api=1&query=Omega%20Medical%20Centre%2C%20Omega%2C%20Maldives,28
Omni Care Clinic,General Clinic,"Omni Care Clinic, Omni",Omni,-,[email protected],https://www.google.com/maps/search/?api=1&query=Omni%20Care%20Clinic%2C%20Omni%2C%20Maldives,28
One Medical Care,General Clinic,"One Medical Care, One",One,7864768,[email protected],https://www.google.com/maps/search/?api=1&query=One%20Medical%20Care%2C%20One%2C%20Maldives,28
Oracare Dental,Area Specific Clinic,"Oracare Dental, Oracare",Oracare,,,https://www.google.com/maps/search/?api=1&query=Oracare%20Dental%2C%20Oracare%2C%20Maldives,29
Ouch Clinic,General Clinic,"Ouch Clinic, Ouch",Ouch,7772991,[email protected],https://www.google.com/maps/search/?api=1&query=Ouch%20Clinic%2C%20Ouch%2C%20Maldives,29
Pain Clinic,General Clinic,"Pain Clinic, Pain",Pain,7800699,[email protected],https://www.google.com/maps/search/?api=1&query=Pain%20Clinic%2C%20Pain%2C%20Maldives,29
Paradise Medical Centre,General Clinic,"Paradise Medical Centre, Paradise",Paradise,,[email protected],https://www.google.com/maps/search/?api=1&query=Paradise%20Medical%20Centre%2C%20Paradise%2C%20Maldives,29
Pearl Medical Centre,General Clinic,"Pearl Medical Centre, Pearl",Pearl,"3305550, 3315550",[email protected],https://www.google.com/maps/search/?api=1&query=Pearl%20Medical%20Centre%2C%20Pearl%2C%20Maldives,29
Pearl Medical Centre Hulhumale,General Clinic,"Pearl Medical Centre Hulhumale, Pearl",Pearl,3315550 / 3305550,[email protected],https://www.google.com/maps/search/?api=1&query=Pearl%20Medical%20Centre%20Hulhumale%2C%20Pearl%2C%20Maldives,29
Physio & Autism Clinic - Hulhumale',Therapeutic Service Clinic,"Physio & Autism Clinic - Hulhumale', Physio",Physio,7852044,[email protected],https://www.google.com/maps/search/?api=1&query=Physio%20%26%20Autism%20Clinic%20-%20Hulhumale%27%2C%20Physio%2C%20Maldives,29
Physio and Autism Clinic,Therapeutic Service Clinic,"Physio and Autism Clinic, Physio",Physio,9990936,[email protected],https://www.google.com/maps/search/?api=1&query=Physio%20and%20Autism%20Clinic%2C%20Physio%2C%20Maldives,29
Physio Clinic,Therapeutic Service Clinic,"Physio Clinic, Physio",Physio,9553112 / 7943112,[email protected],https://www.google.com/maps/search/?api=1&query=Physio%20Clinic%2C%20Physio%2C%20Maldives,29
Physio Cure,Therapeutic Service Clinic,"Physio Cure, Physio",Physio,7788595,[email protected],https://www.google.com/maps/search/?api=1&query=Physio%20Cure%2C%20Physio%2C%20Maldives,29
Physio Solutions,Therapeutic Service Clinic,"Physio Solutions, Physio",Physio,7949849,[email protected],https://www.google.com/maps/search/?api=1&query=Physio%20Solutions%2C%20Physio%2C%20Maldives,29
Pine Tree Medic Care,General Clinic,"Pine Tree Medic Care, Pine",Pine,9501429,[email protected],https://www.google.com/maps/search/?api=1&query=Pine%20Tree%20Medic%20Care%2C%20Pine%2C%20Maldives,29
Pine Tree Medic Care Sh. Funadhoo,General Clinic,"Pine Tree Medic Care Sh. Funadhoo, Pine",Pine,7786635,[email protected],https://www.google.com/maps/search/?api=1&query=Pine%20Tree%20Medic%20Care%20Sh.%20Funadhoo%2C%20Pine%2C%20Maldives,29
Point Medical Care,General Clinic,"Point Medical Care, Point",Point,7776612,[email protected],https://www.google.com/maps/search/?api=1&query=Point%20Medical%20Care%2C%20Point%2C%20Maldives,29
Popular Clinic,General Clinic,"Popular Clinic, Popular",Popular,7778298,[email protected],https://www.google.com/maps/search/?api=1&query=Popular%20Clinic%2C%20Popular%2C%20Maldives,29
Primax Medi Care,General Clinic,"Primax Medi Care, Primax",Primax,7980528,[email protected],https://www.google.com/maps/search/?api=1&query=Primax%20Medi%20Care%2C%20Primax%2C%20Maldives,30
Pro Care Clinic & Dental Centre,General Clinic,"Pro Care Clinic & Dental Centre, Pro",Pro,9112445,[email protected],https://www.google.com/maps/search/?api=1&query=Pro%20Care%20Clinic%20%26%20Dental%20Centre%2C%20Pro%2C%20Maldives,30
Pullman Maamutaa Maldives Resort Clinic,General Clinic,"Pullman Maamutaa Maldives Resort Clinic, Pullman",Pullman,3333887,[email protected],https://www.google.com/maps/search/?api=1&query=Pullman%20Maamutaa%20Maldives%20Resort%20Clinic%2C%20Pullman%2C%20Maldives,30
Pulse Medical and Diagnostics,General Clinic,"Pulse Medical and Diagnostics, Pulse",Pulse,3300044 / 7320055,[email protected],https://www.google.com/maps/search/?api=1&query=Pulse%20Medical%20and%20Diagnostics%2C%20Pulse%2C%20Maldives,30
Pulse Point Medical Center,General Clinic,"Pulse Point Medical Center, Pulse",Pulse,7734713,[email protected],https://www.google.com/maps/search/?api=1&query=Pulse%20Point%20Medical%20Center%2C%20Pulse%2C%20Maldives,30
Queen Aesthetic Medical Center,General Clinic,"Queen Aesthetic Medical Center, Queen",Queen,9898897,[email protected],https://www.google.com/maps/search/?api=1&query=Queen%20Aesthetic%20Medical%20Center%2C%20Queen%2C%20Maldives,30
R. Alifushi Health Center,Health Centre Grade 3,"R. Alifushi Health Center, Raa Atoll",Raa Atoll,3328887,[email protected],https://www.google.com/maps/search/?api=1&query=R.%20Alifushi%20Health%20Center%2C%20Raa%20Atoll%2C%20Maldives,30
R. Angolhitheem Health Centre,Health Centre Grade 1,"R. Angolhitheem Health Centre, Raa Atoll",Raa Atoll,3328887,[email protected],https://www.google.com/maps/search/?api=1&query=R.%20Angolhitheem%20Health%20Centre%2C%20Raa%20Atoll%2C%20Maldives,30
R. Dhuvaafaru Health Centre,Health Centre Grade 4,"R. Dhuvaafaru Health Centre, Raa Atoll",Raa Atoll,3328887,[email protected],https://www.google.com/maps/search/?api=1&query=R.%20Dhuvaafaru%20Health%20Centre%2C%20Raa%20Atoll%2C%20Maldives,30
R. Fainu Health Centre,Health Centre Grade 1,"R. Fainu Health Centre, Raa Atoll",Raa Atoll,3328887,[email protected],https://www.google.com/maps/search/?api=1&query=R.%20Fainu%20Health%20Centre%2C%20Raa%20Atoll%2C%20Maldives,30
R. Hulhudhuffaaru Heath Centre,Health Centre Grade 3,"R. Hulhudhuffaaru Heath Centre, Raa Atoll",Raa Atoll,3328887,[email protected],https://www.google.com/maps/search/?api=1&query=R.%20Hulhudhuffaaru%20Heath%20Centre%2C%20Raa%20Atoll%2C%20Maldives,30
R. Inguraidhoo Health Centre,Health Centre Grade 3,"R. Inguraidhoo Health Centre, Raa Atoll",Raa Atoll,3328887,[email protected],https://www.google.com/maps/search/?api=1&query=R.%20Inguraidhoo%20Health%20Centre%2C%20Raa%20Atoll%2C%20Maldives,30
R. Innamaadhoo Health Centre,Health Centre Grade 1,"R. Innamaadhoo Health Centre, Raa Atoll",Raa Atoll,3328887,[email protected],https://www.google.com/maps/search/?api=1&query=R.%20Innamaadhoo%20Health%20Centre%2C%20Raa%20Atoll%2C%20Maldives,30
R. Kinolhohu Health Centre,Health Centre Grade 1,"R. Kinolhohu Health Centre, Raa Atoll",Raa Atoll,3328887,[email protected],https://www.google.com/maps/search/?api=1&query=R.%20Kinolhohu%20Health%20Centre%2C%20Raa%20Atoll%2C%20Maldives,30
R. Maakurath Health Centre,Health Centre Grade 2,"R. Maakurath Health Centre, Raa Atoll",Raa Atoll,3328887,[email protected],https://www.google.com/maps/search/?api=1&query=R.%20Maakurath%20Health%20Centre%2C%20Raa%20Atoll%2C%20Maldives,30
R. Madduvari Health Centre,Health Centre Grade 3,"R. Madduvari Health Centre, Raa Atoll",Raa Atoll,3328887,[email protected],https://www.google.com/maps/search/?api=1&query=R.%20Madduvari%20Health%20Centre%2C%20Raa%20Atoll%2C%20Maldives,31
R. Meedhoo Health Centre,Health Centre Grade 3,"R. Meedhoo Health Centre, Raa Atoll",Raa Atoll,3328887,[email protected],https://www.google.com/maps/search/?api=1&query=R.%20Meedhoo%20Health%20Centre%2C%20Raa%20Atoll%2C%20Maldives,31
R. Rasgetheem Health Centre,Health Centre Grade 1,"R. Rasgetheem Health Centre, Raa Atoll",Raa Atoll,3328887,[email protected],https://www.google.com/maps/search/?api=1&query=R.%20Rasgetheem%20Health%20Centre%2C%20Raa%20Atoll%2C%20Maldives,31
R. Rasmaadhoo Health Center,Health Centre Grade 1,"R. Rasmaadhoo Health Center, Raa Atoll",Raa Atoll,3328887,[email protected],https://www.google.com/maps/search/?api=1&query=R.%20Rasmaadhoo%20Health%20Center%2C%20Raa%20Atoll%2C%20Maldives,31
Raa. Vaadhoo Health Centre,Health Centre Grade 1,"Raa. Vaadhoo Health Centre, Raa.",Raa.,3328887,[email protected],https://www.google.com/maps/search/?api=1&query=Raa.%20Vaadhoo%20Health%20Centre%2C%20Raa.%2C%20Maldives,31
Raaya Clinic,General Clinic,"Raaya Clinic, Raaya",Raaya,7902612,[email protected],https://www.google.com/maps/search/?api=1&query=Raaya%20Clinic%2C%20Raaya%2C%20Maldives,31
Raffles Clinic,General Clinic,"Raffles Clinic, Raffles",Raffles,7731865,[email protected],https://www.google.com/maps/search/?api=1&query=Raffles%20Clinic%2C%20Raffles%2C%20Maldives,31
Rangali Clinic,General Clinic,"Rangali Clinic, Rangali",Rangali,7772991,[email protected],https://www.google.com/maps/search/?api=1&query=Rangali%20Clinic%2C%20Rangali%2C%20Maldives,31
Rannalhi Clinic,General Clinic,"Rannalhi Clinic, Rannalhi",Rannalhi,3315236,[email protected],https://www.google.com/maps/search/?api=1&query=Rannalhi%20Clinic%2C%20Rannalhi%2C%20Maldives,31
Rasfushi Clinic,General Clinic,"Rasfushi Clinic, Rasfushi",Rasfushi,6643880,[email protected],https://www.google.com/maps/search/?api=1&query=Rasfushi%20Clinic%2C%20Rasfushi%2C%20Maldives,31
Recovery Room,General Clinic,"Recovery Room, Recovery",Recovery,7416222,[email protected],https://www.google.com/maps/search/?api=1&query=Recovery%20Room%2C%20Recovery%2C%20Maldives,31
Reethi Beach Clilnic,General Clinic,"Reethi Beach Clilnic, Reethi",Reethi,7931744,[email protected],https://www.google.com/maps/search/?api=1&query=Reethi%20Beach%20Clilnic%2C%20Reethi%2C%20Maldives,31
Reethi Faru Clinic,General Clinic,"Reethi Faru Clinic, Reethi",Reethi,7962626,[email protected],https://www.google.com/maps/search/?api=1&query=Reethi%20Faru%20Clinic%2C%20Reethi%2C%20Maldives,31
Resort Clinic,General Clinic,"Resort Clinic, Resort",Resort,,[email protected],https://www.google.com/maps/search/?api=1&query=Resort%20Clinic%2C%20Resort%2C%20Maldives,31
Resort Medical and Laboratory Services,Diagnostic Service Clinic,"Resort Medical and Laboratory Services, Resort",Resort,3315550 / 3305550,[email protected],https://www.google.com/maps/search/?api=1&query=Resort%20Medical%20and%20Laboratory%20Services%2C%20Resort%2C%20Maldives,31
Revive Medical Centre,General Clinic,"Revive Medical Centre, Revive",Revive,7816600 / 7791145 / 9798148,[email protected],https://www.google.com/maps/search/?api=1&query=Revive%20Medical%20Centre%2C%20Revive%2C%20Maldives,32
RMLS Lab Services,Diagnostic Service Clinic,"RMLS Lab Services, RMLS",RMLS,3355001 / 3355002,[email protected]/[email protected],https://www.google.com/maps/search/?api=1&query=RMLS%20Lab%20Services%2C%20RMLS%2C%20Maldives,32
Royal Island Medical Center,General Clinic,"Royal Island Medical Center, Royal",Royal,3325195,[email protected],https://www.google.com/maps/search/?api=1&query=Royal%20Island%20Medical%20Center%2C%20Royal%2C%20Maldives,32
Ruhgalu Clinic,General Clinic,"Ruhgalu Clinic, Ruhgalu",Ruhgalu,3330007 / 7775846,[email protected],https://www.google.com/maps/search/?api=1&query=Ruhgalu%20Clinic%2C%20Ruhgalu%2C%20Maldives,32
Rx Medicare,General Clinic,"Rx Medicare, Rx",Rx,7773611,[email protected],https://www.google.com/maps/search/?api=1&query=Rx%20Medicare%2C%20Rx%2C%20Maldives,32
S. Feydhoo Health Centre,Health Centre Grade 3,"S. Feydhoo Health Centre, Shaviyani Atoll",Shaviyani Atoll,3328887,[email protected],https://www.google.com/maps/search/?api=1&query=S.%20Feydhoo%20Health%20Centre%2C%20Shaviyani%20Atoll%2C%20Maldives,32
S. Hulhu-Meedhoo Health Centre,Health Centre Grade 3,"S. Hulhu-Meedhoo Health Centre, Shaviyani Atoll",Shaviyani Atoll,3328887,[email protected],https://www.google.com/maps/search/?api=1&query=S.%20Hulhu-Meedhoo%20Health%20Centre%2C%20Shaviyani%20Atoll%2C%20Maldives,32
S. Maradhoo Health Centre,Health Centre Grade 3,"S. Maradhoo Health Centre, Shaviyani Atoll",Shaviyani Atoll,3328887,[email protected],https://www.google.com/maps/search/?api=1&query=S.%20Maradhoo%20Health%20Centre%2C%20Shaviyani%20Atoll%2C%20Maldives,32
Safari Clinic,General Clinic,"Safari Clinic, Safari",Safari,7778467,[email protected],https://www.google.com/maps/search/?api=1&query=Safari%20Clinic%2C%20Safari%2C%20Maldives,32
Sandies Bathala Infirmary,General Clinic,"Sandies Bathala Infirmary, Sandies",Sandies,7905040,[email protected],https://www.google.com/maps/search/?api=1&query=Sandies%20Bathala%20Infirmary%2C%20Sandies%2C%20Maldives,32
Sangeli Clinic,General Clinic,"Sangeli Clinic, Sangeli",Sangeli,3339992,[email protected],https://www.google.com/maps/search/?api=1&query=Sangeli%20Clinic%2C%20Sangeli%2C%20Maldives,32
SC Dental Care,Area Specific Clinic,"SC Dental Care, SC",SC,7782329,[email protected],https://www.google.com/maps/search/?api=1&query=SC%20Dental%20Care%2C%20SC%2C%20Maldives,32
Seen Hijama & Wellness,Complementary Medicine Clinic,"Seen Hijama & Wellness, Seen",Seen,7459792,[email protected],https://www.google.com/maps/search/?api=1&query=Seen%20Hijama%20%26%20Wellness%2C%20Seen%2C%20Maldives,32
Senahiya Military Hospital,General Hospital,"Senahiya Military Hospital, Senahiya",Senahiya,3322601,[email protected],https://www.google.com/maps/search/?api=1&query=Senahiya%20Military%20Hospital%2C%20Senahiya%2C%20Maldives,32
Senahiya Nothern,General Clinic,"Senahiya Nothern, Senahiya",Senahiya,3322607,[email protected],https://www.google.com/maps/search/?api=1&query=Senahiya%20Nothern%2C%20Senahiya%2C%20Maldives,32
Sh. Bilehfahi Health Centre,Health Centre Grade 1,"Sh. Bilehfahi Health Centre, Sh.",Sh.,3328887,[email protected],https://www.google.com/maps/search/?api=1&query=Sh.%20Bilehfahi%20Health%20Centre%2C%20Sh.%2C%20Maldives,33
Sh. Feevah Health Centre,Health Centre Grade 2,"Sh. Feevah Health Centre, Sh.",Sh.,3328887,[email protected],https://www.google.com/maps/search/?api=1&query=Sh.%20Feevah%20Health%20Centre%2C%20Sh.%2C%20Maldives,33
Sh. Feydhoo Health Centre,Health Centre Grade 2,"Sh. Feydhoo Health Centre, Sh.",Sh.,3328887,[email protected],https://www.google.com/maps/search/?api=1&query=Sh.%20Feydhoo%20Health%20Centre%2C%20Sh.%2C%20Maldives,33
Sh. Fokaidhoo Health Centre,Health Centre Grade 3,"Sh. Fokaidhoo Health Centre, Sh.",Sh.,3328887,[email protected],https://www.google.com/maps/search/?api=1&query=Sh.%20Fokaidhoo%20Health%20Centre%2C%20Sh.%2C%20Maldives,33
Sh. Funadhoo Atoll Hospital,Hospital Grade 2,"Sh. Funadhoo Atoll Hospital, Sh.",Sh.,3328887,[email protected],https://www.google.com/maps/search/?api=1&query=Sh.%20Funadhoo%20Atoll%20Hospital%2C%20Sh.%2C%20Maldives,33
Sh. Goidhoo Health Centre,Health Centre Grade 1,"Sh. Goidhoo Health Centre, Sh.",Sh.,3328887,[email protected],https://www.google.com/maps/search/?api=1&query=Sh.%20Goidhoo%20Health%20Centre%2C%20Sh.%2C%20Maldives,33
Sh. Kanditheem Health Centre,Health Centre Grade 2,"Sh. Kanditheem Health Centre, Sh.",Sh.,3328887,[email protected],https://www.google.com/maps/search/?api=1&query=Sh.%20Kanditheem%20Health%20Centre%2C%20Sh.%2C%20Maldives,33
Sh. Komandoo Health Centre,Health Centre Grade 3,"Sh. Komandoo Health Centre, Sh.",Sh.,3328887,[email protected],https://www.google.com/maps/search/?api=1&query=Sh.%20Komandoo%20Health%20Centre%2C%20Sh.%2C%20Maldives,33
Sh. Lhaimagu Health Centre,Health Centre Grade 1,"Sh. Lhaimagu Health Centre, Sh.",Sh.,3328887,[email protected],https://www.google.com/maps/search/?api=1&query=Sh.%20Lhaimagu%20Health%20Centre%2C%20Sh.%2C%20Maldives,33
Sh. Maaugoodhoo Health Centre,Health Centre Grade 2,"Sh. Maaugoodhoo Health Centre, Sh.",Sh.,3328887,[email protected],https://www.google.com/maps/search/?api=1&query=Sh.%20Maaugoodhoo%20Health%20Centre%2C%20Sh.%2C%20Maldives,33
Sh. Maroshi Health Centre,Health Centre Grade 2,"Sh. Maroshi Health Centre, Sh.",Sh.,3328887,[email protected],https://www.google.com/maps/search/?api=1&query=Sh.%20Maroshi%20Health%20Centre%2C%20Sh.%2C%20Maldives,33
Sh. Milandhoo Health Centre,Health Centre Grade 3,"Sh. Milandhoo Health Centre, Sh.",Sh.,3328887,[email protected],https://www.google.com/maps/search/?api=1&query=Sh.%20Milandhoo%20Health%20Centre%2C%20Sh.%2C%20Maldives,33
Sh. Narudhoo Health Centre,Health Centre Grade 1,"Sh. Narudhoo Health Centre, Sh.",Sh.,3328887,[email protected],https://www.google.com/maps/search/?api=1&query=Sh.%20Narudhoo%20Health%20Centre%2C%20Sh.%2C%20Maldives,33
Sh. Noomara Health Centre,Health Centre Grade 1,"Sh. Noomara Health Centre, Sh.",Sh.,3328887,[email protected],https://www.google.com/maps/search/?api=1&query=Sh.%20Noomara%20Health%20Centre%2C%20Sh.%2C%20Maldives,33
Sha Therapy Dhivehibeys Centre,Traditional Medicine Clinic,"Sha Therapy Dhivehibeys Centre, Sha",Sha,7252022 / 7954904,[email protected],https://www.google.com/maps/search/?api=1&query=Sha%20Therapy%20Dhivehibeys%20Centre%2C%20Sha%2C%20Maldives,33
Shifaa Medical,General Clinic,"Shifaa Medical, Shifaa",Shifaa,7771551,[email protected],https://www.google.com/maps/search/?api=1&query=Shifaa%20Medical%2C%20Shifaa%2C%20Maldives,34
Shuba's Herbal Medicine CenterClosed,Therapeutic Service Clinic,Shuba's Herbal Medicine CenterClosed,,7738424,[email protected],https://www.google.com/maps/search/?api=1&query=Shuba%27s%20Herbal%20Medicine%20CenterClosed%2C%20%2C%20Maldives,34
Shuba's Medical Centre,Complementary Medicine Clinic,Shuba's Medical Centre,,7477576,[email protected],https://www.google.com/maps/search/?api=1&query=Shuba%27s%20Medical%20Centre%2C%20%2C%20Maldives,34
SILVER CARE CLINIC,General Clinic,"SILVER CARE CLINIC, SILVER",SILVER,7799633,[email protected],https://www.google.com/maps/search/?api=1&query=SILVER%20CARE%20CLINIC%2C%20SILVER%2C%20Maldives,34
Siyam World Maldives Clinic,General Clinic,"Siyam World Maldives Clinic, Siyam",Siyam,3023704 / 7234929,[email protected],https://www.google.com/maps/search/?api=1&query=Siyam%20World%20Maldives%20Clinic%2C%20Siyam%2C%20Maldives,34
Smiles Dental Care,Area Specific Clinic,"Smiles Dental Care, Smiles",Smiles,7777792,[email protected],https://www.google.com/maps/search/?api=1&query=Smiles%20Dental%20Care%2C%20Smiles%2C%20Maldives,34
Smiles Dental Care Hulhumale',Area Specific Clinic,"Smiles Dental Care Hulhumale', Smiles",Smiles,7781071,[email protected],https://www.google.com/maps/search/?api=1&query=Smiles%20Dental%20Care%20Hulhumale%27%2C%20Smiles%2C%20Maldives,34
So Caring,General Clinic,"So Caring, So",So,3017201,[email protected],https://www.google.com/maps/search/?api=1&query=So%20Caring%2C%20So%2C%20Maldives,34
SO/ Maldives Clinic,General Clinic,SO/ Maldives Clinic,,7469981,[email protected],https://www.google.com/maps/search/?api=1&query=SO/%20Maldives%20Clinic%2C%20%2C%20Maldives,34
Soneva Fushi Clinic,General Clinic,"Soneva Fushi Clinic, Soneva",Soneva,3017201,[email protected],https://www.google.com/maps/search/?api=1&query=Soneva%20Fushi%20Clinic%2C%20Soneva%2C%20Maldives,34
Soneva Jani Clinic,General Clinic,"Soneva Jani Clinic, Soneva",Soneva,3017201,-,https://www.google.com/maps/search/?api=1&query=Soneva%20Jani%20Clinic%2C%20Soneva%2C%20Maldives,34
Southern Care Clinic,General Clinic,"Southern Care Clinic, Southern",Southern,9991120,[email protected]/[email protected],https://www.google.com/maps/search/?api=1&query=Southern%20Care%20Clinic%2C%20Southern%2C%20Maldives,34
Spectrum Child Development Center,General Clinic,"Spectrum Child Development Center, Spectrum",Spectrum,7779993,[email protected],https://www.google.com/maps/search/?api=1&query=Spectrum%20Child%20Development%20Center%2C%20Spectrum%2C%20Maldives,34
Star Medical,General Clinic,"Star Medical, Star",Star,7777727,[email protected],https://www.google.com/maps/search/?api=1&query=Star%20Medical%2C%20Star%2C%20Maldives,34
Stem CenterClosed,Therapeutic Service Clinic,"Stem CenterClosed, Stem",Stem,7215556,[email protected],https://www.google.com/maps/search/?api=1&query=Stem%20CenterClosed%2C%20Stem%2C%20Maldives,34
Sukoon Clinic,Complementary Medicine Clinic,"Sukoon Clinic, Sukoon",Sukoon,7313260,[email protected],https://www.google.com/maps/search/?api=1&query=Sukoon%20Clinic%2C%20Sukoon%2C%20Maldives,35
Sun Island Medical Centre,General Clinic,"Sun Island Medical Centre, Sun",Sun,3325195,[email protected],https://www.google.com/maps/search/?api=1&query=Sun%20Island%20Medical%20Centre%2C%20Sun%2C%20Maldives,35
Sun Siyam Irufushi Maldives Clinic,General Clinic,"Sun Siyam Irufushi Maldives Clinic, Sun",Sun,3325977 / 7234929,[email protected],https://www.google.com/maps/search/?api=1&query=Sun%20Siyam%20Irufushi%20Maldives%20Clinic%2C%20Sun%2C%20Maldives,35
Sun Siyam Iruveli Maldives Clinic,General Clinic,"Sun Siyam Iruveli Maldives Clinic, Sun",Sun,3325977,[email protected],https://www.google.com/maps/search/?api=1&query=Sun%20Siyam%20Iruveli%20Maldives%20Clinic%2C%20Sun%2C%20Maldives,35
Sun Siyam Olhuveli Maldives Clinic,General Clinic,"Sun Siyam Olhuveli Maldives Clinic, Sun",Sun,3325977,[email protected],https://www.google.com/maps/search/?api=1&query=Sun%20Siyam%20Olhuveli%20Maldives%20Clinic%2C%20Sun%2C%20Maldives,35
Sun Siyam Vilu Reef Maldives Clinic,General Clinic,"Sun Siyam Vilu Reef Maldives Clinic, Sun",Sun,3325977 / 7234929,[email protected],https://www.google.com/maps/search/?api=1&query=Sun%20Siyam%20Vilu%20Reef%20Maldives%20Clinic%2C%20Sun%2C%20Maldives,35
Surgicare Clinic,General Clinic,"Surgicare Clinic, Surgicare",Surgicare,7995767,[email protected],https://www.google.com/maps/search/?api=1&query=Surgicare%20Clinic%2C%20Surgicare%2C%20Maldives,35
Synergy Care,General Clinic,"Synergy Care, Synergy",Synergy,3353535,[email protected],https://www.google.com/maps/search/?api=1&query=Synergy%20Care%2C%20Synergy%2C%20Maldives,35
Taj Exotica Clinic,General Clinic,"Taj Exotica Clinic, Taj",Taj,3322011,[email protected],https://www.google.com/maps/search/?api=1&query=Taj%20Exotica%20Clinic%2C%20Taj%2C%20Maldives,35
Th. Atoll Hospital,Hospital Grade 2,"Th. Atoll Hospital, Thaa Atoll",Thaa Atoll,3328887,[email protected],https://www.google.com/maps/search/?api=1&query=Th.%20Atoll%20Hospital%2C%20Thaa%20Atoll%2C%20Maldives,35
TH. Buruni Health Centre,Health Centre Grade 2,"TH. Buruni Health Centre, TH.",TH.,3328887,[email protected],https://www.google.com/maps/search/?api=1&query=TH.%20Buruni%20Health%20Centre%2C%20TH.%2C%20Maldives,35
TH. Dhiyamigili Health Centre,Health Centre Grade 2,"TH. Dhiyamigili Health Centre, TH.",TH.,3328887,[email protected],https://www.google.com/maps/search/?api=1&query=TH.%20Dhiyamigili%20Health%20Centre%2C%20TH.%2C%20Maldives,35
TH. Gaadhifushi Health Centre,Health Centre Grade 1,"TH. Gaadhifushi Health Centre, TH.",TH.,3328887,[email protected],https://www.google.com/maps/search/?api=1&query=TH.%20Gaadhifushi%20Health%20Centre%2C%20TH.%2C%20Maldives,35
TH. Guraidhoo Health Centre,Health Centre Grade 3,"TH. Guraidhoo Health Centre, TH.",TH.,3328887,[email protected],https://www.google.com/maps/search/?api=1&query=TH.%20Guraidhoo%20Health%20Centre%2C%20TH.%2C%20Maldives,35
TH. Hirilandhoo Health Centre,Health Centre Grade 3,"TH. Hirilandhoo Health Centre, TH.",TH.,3328887,[email protected],https://www.google.com/maps/search/?api=1&query=TH.%20Hirilandhoo%20Health%20Centre%2C%20TH.%2C%20Maldives,35
Th. Kandoodhoo Health Center,Health Centre Grade 1,"Th. Kandoodhoo Health Center, Thaa Atoll",Thaa Atoll,3328887,[email protected],https://www.google.com/maps/search/?api=1&query=Th.%20Kandoodhoo%20Health%20Center%2C%20Thaa%20Atoll%2C%20Maldives,36
TH. Kin'bidhoo health Centre,Health Centre Grade 2,"TH. Kin'bidhoo health Centre, TH.",TH.,3328887,[email protected],https://www.google.com/maps/search/?api=1&query=TH.%20Kin%27bidhoo%20health%20Centre%2C%20TH.%2C%20Maldives,36
Th. Madifushi Health Centre,Health Centre Grade 3,"Th. Madifushi Health Centre, Thaa Atoll",Thaa Atoll,3328887,th.madifushihc@@health.gov.mv,https://www.google.com/maps/search/?api=1&query=Th.%20Madifushi%20Health%20Centre%2C%20Thaa%20Atoll%2C%20Maldives,36
Th. Omadhoo Health Centre,Health Centre Grade 2,"Th. Omadhoo Health Centre, Thaa Atoll",Thaa Atoll,3328887,[email protected],https://www.google.com/maps/search/?api=1&query=Th.%20Omadhoo%20Health%20Centre%2C%20Thaa%20Atoll%2C%20Maldives,36
Th. Thimarafushi Health Centre,Health Centre Grade 3,"Th. Thimarafushi Health Centre, Thaa Atoll",Thaa Atoll,3328887,[email protected],https://www.google.com/maps/search/?api=1&query=Th.%20Thimarafushi%20Health%20Centre%2C%20Thaa%20Atoll%2C%20Maldives,36
TH. Vandhoo Health Centre,Health Centre Grade 1,"TH. Vandhoo Health Centre, TH.",TH.,3328887,[email protected],https://www.google.com/maps/search/?api=1&query=TH.%20Vandhoo%20Health%20Centre%2C%20TH.%2C%20Maldives,36
Th. Villifushi Health Centre,Health Centre Grade 3,"Th. Villifushi Health Centre, Thaa Atoll",Thaa Atoll,3328887,[email protected],https://www.google.com/maps/search/?api=1&query=Th.%20Villifushi%20Health%20Centre%2C%20Thaa%20Atoll%2C%20Maldives,36
Thasalli medical Care,General Clinic,"Thasalli medical Care, Thasalli",Thasalli,3009600,,https://www.google.com/maps/search/?api=1&query=Thasalli%20medical%20Care%2C%20Thasalli%2C%20Maldives,36
The Clinic,General Clinic,"The Clinic, The",The,3334888,,https://www.google.com/maps/search/?api=1&query=The%20Clinic%2C%20The%2C%20Maldives,36
The Clinic at Jumeirah Maldives Olhahali Island,General Clinic,"The Clinic at Jumeirah Maldives Olhahali Island, The",The,7302601,[email protected],https://www.google.com/maps/search/?api=1&query=The%20Clinic%20at%20Jumeirah%20Maldives%20Olhahali%20Island%2C%20The%2C%20Maldives,36
The Clinic At Sirru Fen Fushi,General Clinic,"The Clinic At Sirru Fen Fushi, The",The,7797779,[email protected],https://www.google.com/maps/search/?api=1&query=The%20Clinic%20At%20Sirru%20Fen%20Fushi%2C%20The%2C%20Maldives,36
The Clinic at Summer Island Maldives,General Clinic,"The Clinic at Summer Island Maldives, The",The,7975496,[email protected],https://www.google.com/maps/search/?api=1&query=The%20Clinic%20at%20Summer%20Island%20Maldives%2C%20The%2C%20Maldives,36
The Residence Maldives at Dhigurah Clinic,General Clinic,"The Residence Maldives at Dhigurah Clinic, The",The,6820089 / 7900278,[email protected],https://www.google.com/maps/search/?api=1&query=The%20Residence%20Maldives%20at%20Dhigurah%20Clinic%2C%20The%2C%20Maldives,36
The Residence Maldives at Falhumaafushi Clinic,General Clinic,"The Residence Maldives at Falhumaafushi Clinic, The",The,,[email protected],https://www.google.com/maps/search/?api=1&query=The%20Residence%20Maldives%20at%20Falhumaafushi%20Clinic%2C%20The%2C%20Maldives,36
The Standard Clinic,General Clinic,"The Standard Clinic, The",The,7731865,[email protected],https://www.google.com/maps/search/?api=1&query=The%20Standard%20Clinic%2C%20The%2C%20Maldives,36
Therapy Centre,Therapeutic Service Clinic,"Therapy Centre, Therapy",Therapy,7797974,[email protected],https://www.google.com/maps/search/?api=1&query=Therapy%20Centre%2C%20Therapy%2C%20Maldives,37
Thilamaafushi Clinic,General Clinic,"Thilamaafushi Clinic, Thilamaafushi",Thilamaafushi,7772991,[email protected],https://www.google.com/maps/search/?api=1&query=Thilamaafushi%20Clinic%2C%20Thilamaafushi%2C%20Maldives,37
Thulhagiri Clinic,General Clinic,"Thulhagiri Clinic, Thulhagiri",Thulhagiri,9999991,[email protected],https://www.google.com/maps/search/?api=1&query=Thulhagiri%20Clinic%2C%20Thulhagiri%2C%20Maldives,37
Thundufushi Medical Clinic,General Clinic,"Thundufushi Medical Clinic, Thundufushi",Thundufushi,7776440,[email protected],https://www.google.com/maps/search/?api=1&query=Thundufushi%20Medical%20Clinic%2C%20Thundufushi%2C%20Maldives,37
Tiny Drops Medical Services,General Clinic,"Tiny Drops Medical Services, Tiny",Tiny,7633394,[email protected],https://www.google.com/maps/search/?api=1&query=Tiny%20Drops%20Medical%20Services%2C%20Tiny%2C%20Maldives,37
TotalPhysio,Therapeutic Service Clinic,TotalPhysio,,7779598,[email protected],https://www.google.com/maps/search/?api=1&query=TotalPhysio%2C%20%2C%20Maldives,37
Tree Top Hospital,Tertiary Hospital,"Tree Top Hospital, Tree",Tree,3310681,[email protected],https://www.google.com/maps/search/?api=1&query=Tree%20Top%20Hospital%2C%20Tree%2C%20Maldives,37
True Care medicals,Area Specific Clinic,"True Care medicals, True",True,3302882,[email protected],https://www.google.com/maps/search/?api=1&query=True%20Care%20medicals%2C%20True%2C%20Maldives,37
TTH Clinic,General Clinic,"TTH Clinic, TTH",TTH,479708616,[email protected],https://www.google.com/maps/search/?api=1&query=TTH%20Clinic%2C%20TTH%2C%20Maldives,37
Ungoofaaru Regional Hospital,Hospital Grade 3,"Ungoofaaru Regional Hospital, Ungoofaaru",Ungoofaaru,3328887,[email protected],https://www.google.com/maps/search/?api=1&query=Ungoofaaru%20Regional%20Hospital%2C%20Ungoofaaru%2C%20Maldives,37
Unique Dental,General Clinic,"Unique Dental, Unique",Unique,7785400,[email protected],https://www.google.com/maps/search/?api=1&query=Unique%20Dental%2C%20Unique%2C%20Maldives,37
Uro Medical CareClosed,General Clinic,"Uro Medical CareClosed, Uro",Uro,7774636,[email protected],https://www.google.com/maps/search/?api=1&query=Uro%20Medical%20CareClosed%2C%20Uro%2C%20Maldives,37
V. Atoll Hospital,Hospital Grade 1,"V. Atoll Hospital, Vaavu Atoll",Vaavu Atoll,3328887,[email protected],https://www.google.com/maps/search/?api=1&query=V.%20Atoll%20Hospital%2C%20Vaavu%20Atoll%2C%20Maldives,37
V. Fulidhoo Health Centre,Health Centre Grade 1,"V. Fulidhoo Health Centre, Vaavu Atoll",Vaavu Atoll,3328887,[email protected],https://www.google.com/maps/search/?api=1&query=V.%20Fulidhoo%20Health%20Centre%2C%20Vaavu%20Atoll%2C%20Maldives,37
V. Keyodhoo Health Centre,Health Centre Grade 2,"V. Keyodhoo Health Centre, Vaavu Atoll",Vaavu Atoll,3328887,[email protected],https://www.google.com/maps/search/?api=1&query=V.%20Keyodhoo%20Health%20Centre%2C%20Vaavu%20Atoll%2C%20Maldives,37
V. Rakeedhoo Health Centre,Health Centre Grade 1,"V. Rakeedhoo Health Centre, Vaavu Atoll",Vaavu Atoll,3328887,[email protected],https://www.google.com/maps/search/?api=1&query=V.%20Rakeedhoo%20Health%20Centre%2C%20Vaavu%20Atoll%2C%20Maldives,38
V. Thinadhoo Health Centre,Health Centre Grade 1,"V. Thinadhoo Health Centre, Vaavu Atoll",Vaavu Atoll,3328887,[email protected],https://www.google.com/maps/search/?api=1&query=V.%20Thinadhoo%20Health%20Centre%2C%20Vaavu%20Atoll%2C%20Maldives,38
Vabbinfaru Clinic,General Clinic,"Vabbinfaru Clinic, Vabbinfaru",Vabbinfaru,,,https://www.google.com/maps/search/?api=1&query=Vabbinfaru%20Clinic%2C%20Vabbinfaru%2C%20Maldives,38
Vadoo Clinic,General Clinic,"Vadoo Clinic, Vadoo",Vadoo,3323323,[email protected],https://www.google.com/maps/search/?api=1&query=Vadoo%20Clinic%2C%20Vadoo%2C%20Maldives,38
Valley Dental,Area Specific Clinic,"Valley Dental, Valley",Valley,7761234,[email protected],https://www.google.com/maps/search/?api=1&query=Valley%20Dental%2C%20Valley%2C%20Maldives,38
Varu Medical Centre,General Clinic,"Varu Medical Centre, Varu",Varu,3330906 / 3330907 / 7970385,[email protected],https://www.google.com/maps/search/?api=1&query=Varu%20Medical%20Centre%2C%20Varu%2C%20Maldives,38
VCare Counselling and Psychotherapy Centre,Therapeutic Service Clinic,"VCare Counselling and Psychotherapy Centre, VCare",VCare,3303200,[email protected],https://www.google.com/maps/search/?api=1&query=VCare%20Counselling%20and%20Psychotherapy%20Centre%2C%20VCare%2C%20Maldives,38
Velaa Private Island Clinic,General Clinic,"Velaa Private Island Clinic, Velaa",Velaa,6565000 /7303727,[email protected],https://www.google.com/maps/search/?api=1&query=Velaa%20Private%20Island%20Clinic%2C%20Velaa%2C%20Maldives,38
Velassaru Medical Center,General Clinic,"Velassaru Medical Center, Velassaru",Velassaru,3323080,[email protected],https://www.google.com/maps/search/?api=1&query=Velassaru%20Medical%20Center%2C%20Velassaru%2C%20Maldives,38
Veligandu Clinic,General Clinic,"Veligandu Clinic, Veligandu",Veligandu,6660519,[email protected],https://www.google.com/maps/search/?api=1&query=Veligandu%20Clinic%2C%20Veligandu%2C%20Maldives,38
Verso Medical Centre AlifushiClosed,General Clinic,"Verso Medical Centre AlifushiClosed, Verso",Verso,9536610,[email protected],https://www.google.com/maps/search/?api=1&query=Verso%20Medical%20Centre%20AlifushiClosed%2C%20Verso%2C%20Maldives,38
Villa Biomedicals Laboratory,Diagnostic Service Clinic,"Villa Biomedicals Laboratory, Villa",Villa,3333300 / 7776672,[email protected],https://www.google.com/maps/search/?api=1&query=Villa%20Biomedicals%20Laboratory%2C%20Villa%2C%20Maldives,38
Villimale Hospital,Hospital Grade 1,"Villimale Hospital, Villimale",Villimale,3335335,[email protected],https://www.google.com/maps/search/?api=1&query=Villimale%20Hospital%2C%20Villimale%2C%20Maldives,38
Vision Care Optical and Eye Clinic,Area Specific Clinic,"Vision Care Optical and Eye Clinic, Vision",Vision,7986432,[email protected],https://www.google.com/maps/search/?api=1&query=Vision%20Care%20Optical%20and%20Eye%20Clinic%2C%20Vision%2C%20Maldives,38
Vision Clinic,Area Specific Clinic,"Vision Clinic, Vision",Vision,,[email protected],https://www.google.com/maps/search/?api=1&query=Vision%20Clinic%2C%20Vision%2C%20Maldives,38
Vision Clinic - Hulhumale',Area Specific Clinic,"Vision Clinic - Hulhumale', Vision",Vision,,[email protected],https://www.google.com/maps/search/?api=1&query=Vision%20Clinic%20-%20Hulhumale%27%2C%20Vision%2C%20Maldives,39
Vision Clinic-01,Area Specific Clinic,"Vision Clinic-01, Vision",Vision,,[email protected],https://www.google.com/maps/search/?api=1&query=Vision%20Clinic-01%2C%20Vision%2C%20Maldives,39
Vital Care,General Clinic,"Vital Care, Vital",Vital,7601315 / 9191315,[email protected],https://www.google.com/maps/search/?api=1&query=Vital%20Care%2C%20Vital%2C%20Maldives,39
Vital Care Kulhudhuffushi Anex,Area Specific Clinic,"Vital Care Kulhudhuffushi Anex, Vital",Vital,7601315 / 9191315,[email protected],https://www.google.com/maps/search/?api=1&query=Vital%20Care%20Kulhudhuffushi%20Anex%2C%20Vital%2C%20Maldives,39
VitalCare Dental,Area Specific Clinic,"VitalCare Dental, VitalCare",VitalCare,9694873,[email protected],https://www.google.com/maps/search/?api=1&query=VitalCare%20Dental%2C%20VitalCare%2C%20Maldives,39
"Vitalcare Huvadhoo, Gdh. Thinadhoo",General Clinic,"Vitalcare Huvadhoo, Gdh. Thinadhoo, Vitalcare",Vitalcare,7506157,[email protected],https://www.google.com/maps/search/?api=1&query=Vitalcare%20Huvadhoo%2C%20Gdh.%20Thinadhoo%2C%20Vitalcare%2C%20Maldives,39
Vivadent Dental Centre,General Clinic,"Vivadent Dental Centre, Vivadent",Vivadent,,[email protected],https://www.google.com/maps/search/?api=1&query=Vivadent%20Dental%20Centre%2C%20Vivadent%2C%20Maldives,39
Vommuli Clinic,General Clinic,"Vommuli Clinic, Vommuli",Vommuli,7772351,[email protected],https://www.google.com/maps/search/?api=1&query=Vommuli%20Clinic%2C%20Vommuli%2C%20Maldives,39
WELL CARE MEDICALS,General Clinic,"WELL CARE MEDICALS, WELL",WELL,+960 746-9981,[email protected],https://www.google.com/maps/search/?api=1&query=WELL%20CARE%20MEDICALS%2C%20WELL%2C%20Maldives,39
Wellcare Physiotherapy & Sports Rehabilitation,Therapeutic Service Clinic,"Wellcare Physiotherapy & Sports Rehabilitation, Wellcare",Wellcare,7973575,[email protected],https://www.google.com/maps/search/?api=1&query=Wellcare%20Physiotherapy%20%26%20Sports%20Rehabilitation%2C%20Wellcare%2C%20Maldives,39
WTE Medical Clinic,General Clinic,"WTE Medical Clinic, WTE",WTE,9311779,[email protected],https://www.google.com/maps/search/?api=1&query=WTE%20Medical%20Clinic%2C%20WTE%2C%20Maldives,39
Yoonaanee Faruvaa Clinic,Traditional Medicine Clinic,"Yoonaanee Faruvaa Clinic, Yoonaanee",Yoonaanee,9222020 / 7727713,[email protected],https://www.google.com/maps/search/?api=1&query=Yoonaanee%20Faruvaa%20Clinic%2C%20Yoonaanee%2C%20Maldives,39
You & Me Clinic,General Clinic,"You & Me Clinic, You",You,3016888 / 7915450,[email protected],https://www.google.com/maps/search/?api=1&query=You%20%26%20Me%20Clinic%2C%20You%2C%20Maldives,39
Zulnoor Hijama Care,Traditional Medicine Clinic,"Zulnoor Hijama Care, Zulnoor",Zulnoor,77 444 98,[email protected],https://www.google.com/maps/search/?api=1&query=Zulnoor%20Hijama%20Care%2C%20Zulnoor%2C%20Maldives,39
